,file_name,mfcc0,mfcc1,mfcc2,mfcc3,mfcc4,mfcc5,mfcc6,mfcc7,mfcc8,mfcc9,mfcc10,mfcc11,mfcc12,mfcc13,mfcc14,mfcc15,mfcc16,mfcc17,mfcc18,mfcc19,mfcc20,mfcc21,mfcc22,mfcc23,mfcc24,mfcc25,mfcc26,mfcc27,mfcc28,mfcc29,mfcc30,mfcc31,mfcc32,mfcc33,mfcc34,mfcc35,mfcc36,mfcc37,mfcc38,emotion
0,WhiteConv/_1282 @ 14h30m48s (11_03_08)-1.wav,38.480593852356,-14.3371937376068,-9.87092227287361,-9.23370232942365,-14.9432834732734,-9.60583160011595,-10.4602166536417,-4.39817906580719,-5.44305966524299,-0.201256309761767,-5.11144310522388,-1.54217541196734,-2.42743100019032,-0.001290318467683,0.001491551764096,0.000311402881699,0.000700815299468,0.000663308412167,0.000249950006278,0.000574754072496,0.00023968764007,-5.19179866207229E-05,0.000299575896104,2.69496892970014E-05,0.00037957556206,0.000417310042219,-1.68196697170068E-06,-1.67474082097412E-05,-4.91161356114272E-06,-3.81927439119269E-05,-1.86133122810744E-06,-1.51908929049994E-05,-5.11867591848447E-05,-1.85134080511244E-05,-4.46112078441505E-05,6.4442368987762E-05,1.06352244778358E-05,1.91283886945998E-05,1.00524388818E-05,White
1,WhiteConv/_4383 @ 18h50m15s (23_05_08)-2.wav,59.5996869294763,-9.51423227689625,-16.1924846688578,-16.010138285439,-23.8132256712274,-1.00360263136225,-6.38289076400407,5.86239390576274,-3.88822544695266,3.4114315134341,-1.72782701078967,2.51525956484603,0.584317950511607,-0.000254382672116,-9.92695026598356E-05,0.000185362445485,-6.24794966800145E-05,0.00013961345737,0.000205319653427,0.000634013955388,-3.59514673457778E-07,-6.77703215953473E-05,0.000176822312073,-8.36688182802844E-05,-0.000130461646259,-6.53128182013044E-05,-7.63099798006361E-06,1.79123600069715E-05,8.8951969400988E-06,7.53875756859846E-05,-1.09957527426627E-05,-1.63753188308738E-05,-8.71652819052139E-05,-1.00081534381461E-05,-2.11588201833656E-05,-0.000144015422016,-0.000145911095434,-7.20740907115956E-05,6.94563232424238E-05,White
2,WhiteConv/_1282 @ 15h32m21s (10_03_08)-1.wav,36.4085096031519,-14.2799441128272,-0.724531796250597,-10.3808988017738,-15.8890487829914,-9.05888957540921,-10.2424240072068,0.811055123912738,-8.26795272839241,0.048850413761906,-6.24185999100699,-1.38355115732516,-0.574300970485372,-0.002500923787834,0.002408024313655,0.001679629323169,0.000931342834752,0.001021018833585,0.000424846835612,0.000503243043832,0.000574179304372,0.00130385700113,0.000664458719282,-0.00040531907652,0.00034267585932,0.000230869182993,-1.30200643470208E-05,-4.03149021179917E-05,-7.42095875966915E-05,0.000115528741593,7.80577569648458E-05,-0.000111934665512,8.00741586770885E-05,0.000127137080642,-0.000144365020569,-0.000187466022632,7.31128608748222E-05,-0.000337515757092,8.91638729666385E-05,White
3,WhiteConv/_4114 @ 11h23m31s (13_03_08)-2.wav,53.4528498815097,-8.10256284398703,-10.7854186748885,-11.5896766142413,-9.08141429686018,-8.1651611987641,-10.6989936535502,-2.99790556173873,-9.34016708410706,-1.75217683813238,-1.90223165616309,-4.31962717700171,-0.343188607972195,-0.00395074757946,0.001758520640844,0.001739926102376,0.000578416125008,0.000199903656565,0.000900824793953,0.001419121188716,0.001018900473685,0.000945536976146,0.000431577181917,0.000577732576162,0.000456797055434,0.000572005001135,0.000164140212522,0.00021978521002,0.000256741545534,0.000116835059428,9.53448178496875E-05,-4.10885486858962E-05,-0.000101315489217,-7.38545318307466E-05,7.51173140924486E-06,-3.01438050418025E-05,-0.000104274366381,-0.000118776429557,-0.000219602543875,White
4,WhiteConv/_1282 @ 14h20m36s (13_03_08)-1.wav,33.30326129642,-16.2134778756681,-10.9248223071811,-9.53993889884919,-12.4264553638131,-10.4918312778425,-8.366600840674,-4.33418723753165,-6.38405516027397,-1.00629564361591,-6.10548061100057,-3.56292579976732,-1.20467371235277,-0.002172061906286,0.002050975765544,0.001410201617847,0.001497152307168,0.001031806129727,0.001154974287957,0.001125070280997,0.000901907139281,0.001088715273566,0.000789049695429,8.08313054839236E-05,0.000358042312319,-0.000361036392528,-1.02380063216235E-05,-2.97010632059867E-05,-3.95510267642212E-05,-0.000101480991355,3.31377598825168E-05,3.11564233341165E-05,-4.50420667791562E-05,7.40997431191158E-05,5.27783351041148E-05,-0.000161566143664,4.81558802946886E-05,-1.45385056696698E-05,0.000174200392273,White
5,WhiteConv/_1282 @ 16h23m25s (26_02_08)-1.wav,40.5667914290471,-11.7432534008391,-4.11189914400862,-9.11004502869488,-17.4194335347462,-8.81162881528115,-13.8673097685636,-1.26970917185663,-6.80424495432008,1.92153152390122,-3.88576435637836,-0.904820530308051,-2.21721784940306,-0.003946086839101,0.004012880877634,0.001937767597044,0.002002116815563,0.001621750951671,0.001851223806175,0.001916194977615,0.001801066713711,0.000559399806465,2.32891679031206E-05,0.000347775918981,-1.61455156426044E-05,0.000173273597624,2.01101331534403E-05,8.14120221968033E-05,2.3986083673968E-06,-1.59689780826287E-05,6.56079885955812E-05,-3.0148397559843E-05,3.54274995892084E-05,-0.000192444099321,-0.000213701056087,-2.76399331447394E-06,-9.90721331848936E-05,3.07261441025493E-05,3.78323353340181E-05,White
6,WhiteConv/_4114 @ 14h09m15s (14_03_08)-4.wav,44.2489711508772,-9.48773112304741,-10.4988555069128,-4.06768648568178,-14.7616438206927,-11.9709949074018,-10.1023856320474,-7.20525515450958,-7.7356562675644,-1.19703242131061,-0.892468153045634,-2.92367835498699,0.915288745596077,-0.00379951769159,0.00152943521444,0.001352508937504,0.001074673444537,0.000902087285749,0.001180620881613,0.00157981360142,-0.000111514325561,0.000653838961424,0.00017885671151,1.0137514128065E-05,5.53542220111564E-05,0.000347609392792,1.71800497735413E-05,0.00011561590123,0.000264041901412,-0.000135319910257,-0.000169911443027,-0.000138614240233,-0.000160965752881,7.44501069590825E-06,-5.76473714401398E-06,-9.24916901956748E-05,0.000189086988404,0.000114775320763,-0.000118777491692,White
7,WhiteConv/_1282 @ 10h02m15s (13_03_08)-2.wav,49.4685025771446,-15.0459540930087,-11.0125008482081,-9.34994314204883,-19.0406209306153,-9.00209461243568,-7.12261194782529,-4.91325791214361,-7.818691486815,-2.48805486217498,-3.64559485463875,-0.762295160858483,-2.30906254164263,-0.008308017933655,0.004858173106516,0.002318151765079,0.001392408577408,0.004339872135265,0.002846362561688,0.00472380447697,0.001394451295714,0.001284869406124,0.003200935488978,0.000502139471849,0.00103175881277,0.003001980447296,8.47794734259983E-05,0.000566963770906,0.000112496693409,0.000127311275827,-0.000691586626062,-0.000460321602686,-0.000495753695423,-2.16831590575265E-05,-5.91292992405259E-05,-0.000748995988811,0.000141715500166,-0.000223398312973,-0.000186328253572,White
8,WhiteConv/_1282 @ 15h30m33s (12_03_08)-1.wav,41.5057258079184,-10.2553890365318,-9.56652734033184,-8.23810233573115,-14.5413431774663,-9.85746111430322,-11.0359496014417,-5.89886277928226,-7.99608500668002,1.83913290883443,-6.56091042396913,-3.27773668980044,-2.4119479809931,-0.013097704759275,0.014728327804721,0.007338744810963,0.006711134653619,0.007655735455707,0.004429198316665,0.002792437105005,0.003949887741715,0.009015458291326,0.003159138046671,0.003651188377481,0.002821957735957,0.001270843036615,-7.37641618070475E-05,-0.000161700407553,-0.000120106634192,0.000114423922393,-0.00049200803076,4.2748616508504E-05,0.000768288665923,-0.000448038465319,-0.000928625505894,-0.000313212592408,0.000295220142099,6.53144815692258E-05,0.000603060454465,White
9,WhiteConv/_1282 @ 16h23m25s (26_02_08)-2.wav,41.7649513302738,-13.81153687121,-6.22935250680913,-6.04709718507681,-14.2214143077679,-8.14082207733131,-7.30460691242746,5.87269195533804,-3.37540009995225,0.359471755048791,-3.38710388096825,-3.8068791399235,-4.11652601377893,-0.001120962700075,0.002032646371329,0.000918686683596,0.000846590066139,0.00063925173576,0.000566315383927,0.000450858312611,0.000387306039716,0.00030573997079,0.000251662943635,0.000194218542016,0.000163126534102,0.000131454996181,0.000853712894274,-0.000765127327531,-0.000349194927143,-0.000324766896247,-0.000249521999999,-0.000225008581361,-0.000184315102893,-0.000165061433378,-0.000135375632684,-0.000120324396193,-0.00010019329601,-8.86210017631333E-05,-7.19194300427594E-05,White
10,WhiteConv/_1308 @ 07h54m26s (23_09_08)-1.wav,48.8957879892913,-22.4510371632245,-29.1784213451087,5.48552256117093,-17.2439316890017,4.76868525421824,0.425187144165334,-1.44400055039488,-1.81139868818709,3.35965293617182,-7.42095674087082,5.29964199434828,-2.87140180460363,-0.027145456201348,0.015414155882181,0.015174442826271,0.002888526487619,0.01175604696434,0.001402400474061,0.007453035204502,-0.000371765391652,-0.003262326089798,0.000961281591058,0.008916880958748,-0.000434402283973,0.00806100735398,0.000157820398109,-2.36475608391418E-05,0.000503675816242,-0.000845669652511,-0.00047335434021,-0.000826566721399,-0.000919472787997,0.000847844105168,0.000593207421416,-8.69747579213392E-05,-0.00091338104291,0.000459712889949,-0.000496312564462,White
11,WhiteConv/_4114 @ 13h21m12s (07_03_08)-2.wav,50.8360067540563,-3.96968023383135,-12.1771057623693,-12.3258343200868,-18.5142366513158,-14.0220677509073,-11.4274492929553,0.046391780777859,-7.14867368253317,4.4845101423538,-0.586663103516779,-2.45443124831848,0.201054552543424,-0.003678179805763,0.001714117823185,0.001535445362505,0.001154298312218,0.001447100774771,0.000774891863501,0.00106417133692,-0.000234767107212,0.000787130212415,-0.000435945035699,0.000898910855871,4.94354228177888E-05,0.000440422650183,2.68704406629509E-05,6.33107165254228E-05,2.52775739263622E-05,-7.16724987723551E-05,3.58186950110492E-05,-3.02887724927322E-05,5.20828338532346E-05,0.000141881219782,-0.000130373299974,0.00011108057099,0.00013935507826,9.63621233678245E-05,-5.61532901608988E-05,White
12,WhiteConv/_2295 @ 20h54m09s (19_06_08)-1.wav,59.6944022324401,-5.36753301926561,-17.6367478157642,-18.4031714502066,-16.718158075546,-2.17753915182361,-2.65178133426519,-2.66969037856557,-5.99867052974548,2.65478071344652,-0.16433996900528,2.94357499698476,1.81607451404413,-0.016318559508577,0.009225979934757,0.012387374423934,0.007195669311534,0.007977963486057,0.004281007170456,0.003208412474507,0.002737951803149,0.003186393134665,-0.001888070233992,0.001443759441334,-0.001879951733132,-0.001094439068304,0.000229390086002,0.000227363542816,0.000119615525885,0.000480033548678,0.000159681161173,0.000541994862061,0.000704632240184,-0.000182777795405,-0.000373034710693,0.000525660096587,-0.000467478437788,0.000189055604874,-0.000321877206145,White
13,WhiteConv/_4513 @ 18h46m14s (14_05_08)-1.wav,65.5453335738216,-10.7820348412923,-21.6903679418924,-10.7628074242863,-24.4544821559873,0.096570418189701,-0.200169100958362,9.05390224991351,-5.91088990300385,4.69181120489591,0.53179554428592,2.33394251725542,1.22811461609187,-0.005376535458764,0.002213906515068,0.002419759457541,0.001409817359752,0.001789970659976,0.000779029534515,-6.26358066908515E-05,0.000237702294484,0.002622315964673,-0.001294008294417,0.000470423611461,-0.000229474359322,-0.000101323453812,5.83642158161616E-06,9.81020397944664E-05,3.91496389909666E-05,-0.000250519704726,-0.000491856099039,-0.000201521245739,-2.59282634321029E-05,-0.000159980011085,0.000212726480653,0.000167904575217,5.29926567639019E-05,-6.72456156847926E-05,0.000140871379355,White
14,WhiteConv/_1282 @ 11h55m20s (14_03_08)-1.wav,36.1331356309896,-15.6559467729416,-10.5099588453106,-9.61723096795527,-14.771692245822,-8.58962783472286,-9.077953832581,-4.05424632120449,-5.34497604728555,-1.64259227908867,-6.74893092832176,-3.01896628906808,-3.63722236506893,-0.004760419518149,0.004781122365496,0.002905657373507,0.00320446160783,0.001989621668754,0.000847592568869,0.002062575555985,0.001741093288949,0.001850382631588,0.000881611034556,0.002265263131741,0.001410978910189,0.001348995241371,-8.9183219432597E-06,0.000182182111582,9.02581353441056E-06,-0.000208670565231,-0.000148355411617,-0.000331810854017,2.78629615038638E-05,-0.000107532160007,9.42064659082471E-05,-0.000435150066511,7.43992014801322E-05,0.000239858819869,-0.000146833380713,White
15,WhiteConv/_3688 @ 15h40m07s (15_07_08)-1.wav,39.8859461075072,-13.5160988592087,-13.7886371252749,-15.4623368291439,-16.0942236168566,-8.33612871349236,-7.56129752760738,2.31004863222603,-1.63086690247471,-0.773139393390505,-1.3087208148432,3.54881145319189,-1.96029810219591,-0.021862511257052,0.013099490217187,0.016416566599504,0.014035165930094,0.013442103500816,0.001558218610507,-0.004977735211014,-0.001386939298564,0.006551133379359,0.006016160343703,-0.000109973807809,0.003682612513945,-0.000223887946494,-5.8326138323601E-06,-0.000378861098217,-0.000584450133974,-0.000209267732619,0.000127625496062,-0.000601348858546,0.000529769223226,8.25073906814308E-05,0.000549543357685,-0.000149943984871,-0.000207746765263,-0.000475339910204,-0.000176495353358,White
16,WhiteConv/_2295 @ 11h11m29s (02_06_08)-1.wav,58.899867709782,-9.49344967147952,-19.706838438222,-11.9752947662231,-16.0389018514893,-15.8149765910031,-4.4519459186855,9.11312310729958,-7.62878699567877,-0.327076629977434,6.11261378937727,4.54012805000425,1.87830266963678,-0.007827714037443,0.004909881397951,0.006616682403631,0.002937507338514,0.002692385569302,0.005403751125661,0.001552852270971,-0.00223073876739,-0.000607921413769,0.000237684378172,-0.001097679413352,0.000495270261982,0.002275458823476,3.23328190969107E-05,-2.35711673529416E-05,-3.96972486577977E-05,-4.01263826560773E-05,0.000159085553669,0.000178802296025,3.5342772596552E-05,-1.2512878789389E-05,4.5314385876718E-05,-3.85425855737962E-05,0.000368434065596,0.000243093284344,-0.000222162994265,White
17,WhiteConv/_2295 @ 11h33m00s (23_06_08)-1.wav,54.6872975605874,-10.8055780909095,-16.8161927454654,-12.118002672307,-19.2329606057342,-8.18114098212687,-10.2251400463506,3.30434419259163,-5.13299987021474,0.054675675258693,4.37085757470657,2.35976897715504,1.51569597795918,-0.005927104778002,0.004617041347319,0.004407983030519,0.003504204486963,0.00338741058441,0.003037014708121,0.002641240984989,0.002163776842261,0.002062087252931,-2.2242790337487E-06,0.000784243989829,-0.001628490128434,-0.000855497591535,-0.002102628231555,0.000641120920657,-0.000130371587216,0.000106190839528,0.00064275062321,0.000184553382739,0.000402335951394,0.00060656062392,0.000464495316046,0.000404744041586,-4.60983474597953E-05,0.000906839923729,0.00099791304478,White
18,WhiteConv/_4513 @ 18h54m49s (14_05_08)-1.wav,55.2655187267332,-7.48556623803421,-20.786206432055,-16.5135551917063,-19.8445479083108,-2.84613697421807,-1.41160753851047,6.18521789763857,-6.09740884343653,5.7345154730658,-0.259886652298337,3.10352147679372,0.099713376718254,-0.001209875370263,0.000494340350721,0.000694265513424,0.000400040926013,0.000531335483477,1.0387181683638E-05,0.000133886274636,0.0001509500801,0.000620133712579,-0.000225251617839,0.000232790181814,0.000184589433285,0.000138834622126,-7.84210537335611E-06,-8.30816123757237E-06,-2.42339253373061E-05,-6.05810696451047E-06,8.9462124000764E-06,-2.34788218924817E-07,-3.43134741706214E-06,-1.55926556687759E-05,-2.75530821080409E-05,3.89233370261658E-05,-7.91393919282033E-06,-4.67587766895986E-05,-3.38951653170958E-05,White
19,WhiteConv/_2295 @ 12h48m05s (23_06_08)-1.wav,49.2614076406647,-8.79510503133182,-17.8527128678029,-18.1982887728017,-21.6766698952864,-4.23851856783627,-1.88613060799616,0.326590155966244,-1.69427633216226,3.39098985511381,2.73228586134309,4.96666162558891,2.12614384841595,-0.005772188397767,0.002787170018844,0.002369412961109,0.002184768568465,0.002259658100784,0.001450167759707,0.000703822698964,0.00114262939432,0.001242195414844,0.000963958503315,5.72299525905969E-05,-0.001151564063063,0.001679601481598,0.000105065428134,0.000216566443367,0.00034569044866,0.000269529751266,0.000332769599538,-6.40891515441195E-06,-4.06928673024829E-05,-0.000328114665147,1.52841872886016E-05,-0.000241346508681,-3.14935463242724E-05,-0.000122653409671,-0.000345565513608,White
20,WhiteConv/_5402 @ 18h26m58s (12_06_08)-1.wav,49.7671652822225,-5.39008101566426,-13.2860836296842,-15.6058355002847,-18.060066775846,-6.98224737996746,-5.54226418145451,-0.752720629025478,-6.20135937639118,4.97368861798335,-6.15964229895517,4.5281811444419,-1.99229176466739,-0.000609180170431,0.000602293007163,0.000307534631946,0.000371789450134,0.000317603524844,0.000327376883676,0.000156573752011,7.3601914463837E-05,-1.22245437271004E-05,4.47126137987195E-05,1.02067053539895E-05,0.000134297962605,-0.000114034776447,6.03859147361885E-06,1.1564455727929E-05,1.56778911735819E-05,-8.82906583052218E-06,-3.41113741517282E-06,-1.41816347231404E-05,-5.76788235548733E-07,-7.45356599454337E-06,-3.00772718141616E-05,-8.61243648052769E-06,4.95793461613122E-06,-2.23430241292508E-05,5.05470812152038E-05,White
21,WhiteConv/_1282 @ 11h55m20s (14_03_08)-2.wav,44.0366820824918,-20.1035744738851,-13.6359751476804,-8.16942387931318,-14.4574650440236,-6.61279822848977,-8.89962339687117,-4.71795920187488,-7.29559884918718,-3.5067777546558,-3.2477264349099,0.244297080588433,-0.927169306766806,0.002628088101888,0.000733795795958,0.00184543875416,0.000631929186387,-0.000727285131711,0.000155123536641,0.001865858267326,0.000416047619419,0.001054944611653,-0.001173040106978,0.001107551479983,0.001234883108188,0.001226485855459,-4.78536347729496E-06,-7.6355211393192E-07,-7.32081098894266E-05,-0.000101576797004,-3.67927128397138E-05,0.000319277593358,0.000135145390268,-0.000354789828364,0.000116947603751,-1.77123271906093E-05,0.000352813854199,-0.000277778325666,-0.00020109992907,White
22,WhiteConv/_4513 @ 18h54m24s (15_05_08)-1.wav,61.450458974979,-11.0824751299536,-18.4571214743952,-14.430634970829,-22.9522059942425,-1.06190754262183,-5.02509665562142,8.93527857156868,-8.46684122021229,6.25892809820743,-0.897661819755074,2.0554444006491,1.86838958574744,-0.00017137476239,0.000130624823812,7.56932630820239E-05,4.4478851968414E-05,8.59353285598409E-05,3.26127857156419E-05,5.81651611362114E-05,1.80416752243368E-05,7.40028714203885E-05,2.49398537345769E-05,1.3150356664037E-06,-9.26091385599455E-07,-1.21067855462785E-05,-1.61038941822558E-06,-4.4755739172219E-06,-6.67832905082993E-06,-2.33562630935904E-06,-3.2215900718043E-06,-2.33157943035894E-06,-5.14329394809763E-07,-6.60518369845284E-06,-8.21630788367327E-06,-3.71772202663314E-06,-4.63871242988197E-06,6.01084260021486E-06,-1.13002154265444E-06,White
23,WhiteConv/_4728 @ 23h17m02s (04_03_08)-1.wav,36.3967029929306,-16.2814972757196,-8.50017242273968,-4.02722001395321,-9.68146308819848,-9.66039132548509,-1.10354044080741,-2.39293372078585,-5.48236046035987,-0.374220087036672,-0.144789970781732,-1.85712200415552,-2.45119209421771,-0.01468953312605,0.015097887212876,0.007500823021711,0.008199913516094,0.008116844513667,0.002975044651219,0.006358761607664,0.003731903614707,0.002263423531451,0.001566012403656,0.004395133394068,-0.000115422074273,0.004852642704087,-0.000103747082222,-0.000298978630791,-0.000400641844831,1.04436402836676E-05,-0.000151114874702,0.000805353223388,-0.000428285377163,-0.000461382639929,0.000974286248096,0.000573863470857,0.000449088344289,0.000573027947161,-0.001160133701418,White
24,WhiteConv/_3393 @ 19h33m54s (26_08_08)-1.wav,44.4299104156684,-9.2750312665894,-17.0462807527325,-16.9548626753779,-15.8165232375353,-3.63631870045485,-4.73985924739527,0.757002591205379,-1.46869669808835,3.07177131021663,3.33652598406838,2.04559584183543,1.67243596175929,-0.000199186498824,0.000129233583966,0.000148947296251,0.000162493070783,0.000118725460664,5.60472768162584E-05,7.1960757985526E-05,7.19759531476539E-05,2.79431244797602E-05,1.69525091053502E-05,7.60429792614306E-06,-6.22314645060079E-06,-3.07837098405189E-06,-2.6691246191118E-07,1.27749566993402E-06,-2.48687038364673E-06,-1.3980720272415E-05,-6.93475497435434E-06,1.00911803994613E-05,4.74349694514275E-07,-1.3951651376007E-05,-1.35368129143856E-06,3.42939235636597E-06,-4.27623130089096E-06,3.41697883764583E-06,4.98182056402761E-06,White
25,WhiteConv/_1885 @ 12h49m12s (16_05_08)-1.wav,47.9810976134671,-6.80643427545834,-13.5683393915699,-12.2470205749006,-19.3805864207399,-7.65281931143543,-12.0102982310545,12.6585120777315,0.691841596583715,5.85100215274504,4.25355961511938,-1.30494809379418,-0.906100003839043,-0.000572768433787,0.000731791694134,0.003960619601182,0.002793278661131,0.006784606782266,0.002468403717751,-0.004312868510062,-0.003190264017512,-0.004863044273954,-0.006167666817024,-0.00250590910441,0.002202902409938,-0.003360068531152,0.000800558783004,-0.000116365701764,-0.000740313932736,-0.00144397338625,-0.001413688638388,-0.000597076802568,0.000198416448637,-0.000693882902162,-0.00028829733006,0.000150825861081,0.000475298576842,-0.000498450198456,0.000251558448887,White
26,WhiteConv/_1282 @ 19h54m53s (28_02_08)-1.wav,48.3089390648508,-13.4084000286364,-7.99837215871658,-11.3218735288926,-19.530348014612,-3.94320742326823,-12.4058649725062,1.31403171428079,-7.42680268719478,3.13471920122964,-4.86739769699519,-0.139644328716742,-2.51556379348077,-0.011802759621185,0.005160154445097,0.005591494490909,0.002558590662216,0.006583282228779,0.002688563144013,0.001851206131705,-0.001239489357771,0.001063158086831,0.001924283363195,0.001942298010136,-0.00025993672232,0.000599795868947,-8.17401913453722E-05,0.000405819681578,0.000497572505339,0.001032574642081,9.26933287754973E-05,5.27587311187585E-05,0.00014472897389,-0.0003839759053,1.54127778027265E-05,-1.667231931735E-05,-6.40712842069464E-05,-0.000639978104917,-0.000273519885137,White
27,WhiteConv/_1282 @ 13h16m58s (04_03_08)-3.wav,35.6323166236358,-14.5199903447406,-9.97468534548068,-9.73054894503778,-13.8617687927586,-11.4629246256237,-8.95872161623767,-3.55963011321509,-6.2469182434906,-0.275517027572929,-7.35454430481508,-3.75116434993275,-1.97893690594382,-0.00275732497743,0.001120924171452,0.001494416144017,0.001085782062859,0.001856271635682,0.000807910519197,0.000117166372742,0.001152674243334,0.00148662789538,0.000257908638248,0.000185176239455,0.000115636376135,0.000354200330469,5.65426569750574E-05,2.12830586350543E-05,-1.7914381442874E-05,-5.14564511099609E-05,-0.000209913974027,-5.01784796158123E-05,-3.16658245487618E-05,-5.89543626374339E-05,3.26860073284494E-06,7.57811842678538E-05,-0.000169022181852,-4.02015384508089E-05,-0.000104642382465,White
28,WhiteConv/_4114 @ 16h32m29s (06_03_08)-1.wav,42.3191135598335,-15.5177762095295,-4.95658485220413,0.498174231782492,-15.6532933122589,-4.28541838891528,-4.93484819189036,-2.71680472555013,0.025091923330744,-7.83279718635341,-2.81344155842346,-2.48400611058625,-3.28668038602816,0.006110088115726,-0.000696737042282,-0.000798946707002,0.000644181840134,0.002219419528834,0.000795764496441,-0.001476017278886,-0.000818861848106,-0.001398856290817,0.000781784175342,0.001462723909924,0.000620851353536,-0.000246558420071,7.60663015376388E-05,0.000414582774103,0.000288022706259,0.000316826160974,0.000758100052603,-4.6467624494473E-05,-0.000249790934802,0.000189782670603,0.000241525441683,0.001004943169615,0.000684915064955,0.000215666528658,0.000473943519514,White
29,WhiteConv/_5641 @ 11h50m23s (11_05_08)-2.wav,43.4083888650361,-7.74997316159709,-20.4600733481225,-12.5520951326265,-8.5880829237667,-11.7273343930025,-3.01857318828641,-1.21371034019187,-6.82017531658809,0.786257189833366,-0.060172600656638,-2.08383790140739,-0.820128029242837,-0.000818012690992,0.0014706853099,-0.000473699515963,-0.000254402574269,0.000412297598023,0.001005692081462,0.002786213820843,-0.000834283456068,0.00125713189337,-0.000378673243035,0.001184976016902,0.000562556432341,-0.000143632210903,0.002379739656662,-0.001912050367235,-0.001548252097971,-0.001086671396324,6.23397005023731E-05,-0.000477268541624,-0.001225734539399,-0.000502035678236,0.000167852465102,-0.000141351430182,-0.00086607512106,-7.53485521314867E-05,-7.51063302505653E-05,White
30,WhiteConv/_2295 @ 12h34m42s (12_05_08)-1.wav,63.7931318819346,-9.18189081332874,-19.942367452379,-13.2277940918893,-19.658281003939,-6.68380192591371,-6.43058021698942,5.15980086639983,-2.03689074037026,6.0257890923937,3.38188055620057,3.4192219762789,0.552921595115039,-0.003640537536469,0.002235109844706,0.002572977003773,0.001804899727007,0.001793560682445,0.000715083586876,0.000752952155438,0.000220990704618,0.000500853873747,1.56242391494752E-05,0.000705982336973,-0.000585467693297,-0.000376892188853,-0.000116916325799,-7.17905747031863E-05,7.16968486047106E-05,-0.000274849759333,-0.000180570069198,-0.000181193765385,-8.56759905065743E-05,-0.000105570118467,4.31009104463448E-05,0.000210948015236,-0.000134224131471,0.000230112651434,0.000321959975353,White
31,WhiteConv/_4513 @ 11h49m11s (09_05_08)-1.wav,53.4891147783974,-11.2970460427509,-16.6146092843342,-12.4108703352018,-21.0298539204022,-2.41949488984524,-4.6697670730974,2.68995842368462,-4.10500355946479,3.8454067074895,0.035036944236795,1.91250785264995,1.86502825104465,-0.000995139807523,0.000727044564101,0.000436265711588,0.000472100313016,0.000517036311824,0.000264391240834,0.000364356939279,0.000256262216769,0.000358435495014,0.000136149545056,0.000289804354179,-2.81044757761246E-05,0.000168893058418,4.11861654601247E-05,3.75270543960189E-06,-3.24569835431415E-05,-2.85499940388127E-05,-6.58808223451491E-05,4.65377761617008E-06,-5.43848783883563E-05,-2.01310364385361E-05,-3.6058848724722E-05,-3.68790090379367E-05,-8.81633462738085E-05,-6.34394648650077E-06,-3.23289335708346E-05,White
32,WhiteConv/_1282 @ 10h21m15s (11_03_08)-1.wav,38.0948755745273,-14.6944531006623,-10.7408254604185,-11.7682019437456,-14.586605043636,-9.03959827580187,-9.49283003337248,-2.63610148984641,-6.52142926236567,-1.43070601584263,-6.63714806334906,-3.12249452489151,-3.94449669699484,-0.00609768112672,0.00627074203657,0.003703040895993,0.002597980956101,0.003457529950415,0.003899793761845,0.002673046042238,0.001402425896363,0.002090699490661,0.002977688010899,0.000164552141852,0.000268094783942,0.002759495024741,-0.000172432850245,8.40219671658551E-05,-0.000301317765946,-0.000546209509782,-0.000388070237257,-0.000413696280054,-0.000388125984272,-0.000420937174993,-0.000500155083935,-0.000131687360243,0.000171309159138,0.000240874824055,-0.000621620737131,White
33,WhiteConv/_0716 @ 00h42m30s (15_05_08)-2.wav,58.0722984809098,-13.9551803049169,-15.4288643707785,-13.5833669649393,-22.4825218636302,-5.83845784656481,-5.54379149910507,7.89180660713816,-2.91111526053114,6.37167405840739,-1.72944635828229,8.27813567188164,-3.6388614724517,-0.000151557137109,0.000200242664264,0.000165139773127,0.000123521808193,0.000198997345444,-6.90846176781789E-05,-5.00342009773746E-05,-0.000278209210914,1.25660898658075E-05,-7.99175268437858E-05,-6.1041883973573E-05,-2.60593471830371E-05,9.04640459923609E-05,-8.41122101833977E-06,-1.29482271349154E-05,-1.18601980739877E-05,-4.4972074246724E-05,-2.13340050055704E-05,4.75446043408177E-05,-3.23445083305594E-05,-6.20735052022501E-05,2.7120489474349E-05,-3.26242844803849E-05,-4.89896978455457E-05,1.42753534199782E-07,2.90555095700507E-06,White
34,WhiteConv/_0716 @ 22h37m21s (24_05_08)-2.wav,50.8177791557483,-10.221363942151,-15.5355497222019,-10.7617913901131,-23.3861383985829,-11.3784751858745,-7.23275386494304,3.1450479116666,0.796003492125226,4.56294691679794,0.977094450020856,9.67959490424278,-2.9931324009481,-0.000292245698886,0.000905402310939,0.000903040768873,0.000301917545369,0.001401845777786,0.000841379275735,-0.000548491069896,-0.002497886473039,-0.000647406108884,-0.000799291870421,-0.000366915280999,-7.77075731501731E-05,-0.000520201551919,7.40429931003465E-05,5.92297437170896E-05,1.93886348178901E-05,0.000135921306027,7.10746066609655E-05,-0.000116782999572,-0.000302190632127,-0.000426197255065,-0.000850698796392,-0.000472661881922,-0.000720002729896,0.000118255833239,-0.000236484240314,White
35,WhiteConv/_4114 @ 11h43m58s (13_03_08)-2.wav,50.2863930496446,-10.2996959749797,-10.1695990491022,-0.729097209991446,-16.9420387276402,-5.90348209121698,-9.7119330763371,-4.28546707003413,-5.99951069986291,-3.42008459220018,-0.573789853460024,-6.47160557724168,0.591702400212142,-0.000292820855893,-0.002910011579222,-0.001092904667009,-0.000946204428071,0.002335828164463,0.000801663186567,0.000966956034662,-0.000403402543401,0.001556973040819,-0.000773703442433,-0.001856379176861,0.001717344697703,-0.002224562998998,-0.000172453019979,-0.000616168157624,-0.000603062079704,8.31669952173568E-05,-0.000466602782129,-0.000144567426483,0.00012396981861,0.000169376001343,-0.000836169914408,-0.000391603913339,0.000209273267535,0.00016881185287,0.000145295700158,White
36,WhiteConv/_1282 @ 10h02m15s (13_03_08)-1.wav,43.675611790187,-12.7625477455731,-9.44426555488335,-11.5103069620702,-18.8133093408078,-9.7485619028892,-8.70302987987258,-1.95224549148563,-7.30134747960146,0.390542972980934,-7.43629640748218,-3.12365576908344,-1.5071352821601,-0.006721328313266,0.005536384538063,0.003874146387217,0.004102152764313,0.000737849700225,0.004211666342809,0.00136869157161,0.001120746931506,0.0018729462073,7.75986255634615E-05,0.001936143188643,0.001166146374019,0.002048970709897,6.52001587892738E-05,-8.03419792228562E-06,-0.000214176941882,-6.98406608770084E-05,0.000395226463647,-0.000489569427656,-0.000222797466271,-8.509368714411E-05,-4.72992811711792E-05,0.000166040002668,-6.20452051310634E-05,-3.31802527289278E-05,-0.000307020109826,White
37,WhiteConv/_5014 @ 17h06m21s (08_05_08)-4.wav,48.3741529844585,-9.35618703559035,-12.8545958812462,-12.8467289875465,-17.6331420267302,-2.20100742793495,-6.31946809893009,-1.96336340023954,-18.0747312942854,4.15087959629131,-7.49364402883582,2.6510324350455,-0.469662888263472,-0.000116778684329,-0.000150951171672,-3.14745631364578E-05,0.000241379893586,0.000297419811642,8.1546089188536E-05,-0.000184223362868,-3.66159715163175E-05,-7.68533281000171E-05,6.73128896431005E-05,0.000420243877258,0.00010917129033,-9.77247575045142E-05,1.29141548595633E-05,2.18264859285173E-05,4.47908756744938E-05,2.91337591220946E-05,-1.30508079209311E-06,-2.62295601589892E-05,-0.000152325452335,-9.96220022657045E-05,-7.38707105229404E-05,-7.19103683618346E-05,-7.20034277855426E-05,-9.55801339799746E-05,-3.95151770895756E-05,White
38,WhiteConv/_5014 @ 13h52m43s (11_05_08)-2.wav,58.5026642618157,-8.27657214090416,-17.9566696780115,-12.6160174962886,-19.6937408561669,-3.16974437664751,-1.57449237062408,-3.54563171525144,-16.0297210226895,5.05556590837135,-5.62149819633689,3.29193180571697,1.04307193086851,-0.001584165485341,0.005546346318867,0.004372052518554,-0.001102770373789,0.002086868848317,-0.002277719024351,-0.004991876333803,-0.002361697154231,0.001643937244749,-0.004028229755926,-0.002736018021306,-0.004283501840378,-0.001524913979972,-0.000137968909455,-0.000287679166538,8.62758403551495E-05,0.000221202626028,0.000124746216018,-0.000584636225584,-0.000808542106294,-0.000483504414866,-0.001044112752439,-0.000871159236978,-0.000319608524626,0.001343888657074,-4.18322619984526E-05,White
39,WhiteConv/_4736 @ 17h14m03s (28_02_08)-3.wav,48.9966912313767,-14.2252658393033,-19.4168744787545,-3.37954685428372,-25.4684887489902,-4.8636453811805,-3.79893244154455,6.0478738753682,0.799148396607362,-0.526479329004739,-0.536063334610666,0.37489354105359,-1.07471816172874,-0.003882713214895,0.003404813810727,0.001550393421286,0.001435093045335,0.001093008931634,0.000974591676027,0.000784141178988,0.000680579542573,0.000544832983973,0.000456120476538,0.000359030943349,0.0003048796162,0.000247555370768,0.000113144550978,-0.000120304947381,-3.77178851278591E-05,-2.6525540136768E-05,-7.4523957321615E-06,1.02597088987384E-06,1.10993680419839E-05,1.48922683535383E-05,2.18026862939649E-05,2.25429157672778E-05,2.5182094242379E-05,2.58819031384097E-05,2.83719375560027E-05,White
40,WhiteConv/_4114 @ 13h08m44s (07_03_08)-2.wav,52.3249432101125,-5.83054487435122,-18.6579916435563,-7.51381563446658,-14.4130013994761,-14.1623256846655,-8.44987091798984,-2.11784809120578,-8.35748635609199,3.78630847346455,-2.05548404757185,-1.54830162360369,-0.653280668818216,-0.002083253060883,0.000860897848223,0.000823250646834,0.000852176038682,0.000789872787055,0.000866247198492,0.00138312317792,-0.000207385206866,0.000518008957408,-8.23362161712162E-05,9.47546838008529E-05,0.000133868244882,0.000774899378097,-2.93454701374054E-05,1.40915528850055E-05,-8.46850815102486E-05,-6.10759055835255E-06,-1.13611920822765E-05,-0.00010408658189,-7.93602353675223E-05,0.000138302214637,-4.19774714801462E-05,-8.59928923925998E-05,9.88859582252133E-06,-0.000101821849107,-0.000178352356495,White
41,WhiteConv/_5014 @ 17h06m21s (08_05_08)-3.wav,56.7945395134802,-8.3643975830663,-14.5868110693647,-13.2687186099369,-19.4996855278295,0.750046834210311,-7.31207134170655,-2.72167502167011,-17.3068154218035,3.71491169559863,-7.70087881340587,2.75088666825504,-0.652145209654515,-0.00132679833346,0.000915524497671,0.001062923869975,0.000606069800079,0.0005282099091,0.000316949864852,0.000120017736828,0.000456394194102,0.000411715713586,-2.66711320173013E-06,0.000309025024529,-4.51365328270396E-05,0.000129633414088,6.87090774977491E-07,2.08907174550498E-05,7.13788481006544E-06,-1.79782239744426E-06,9.33037483191033E-06,-5.53298760026538E-06,2.30743090906088E-05,-1.47361931221523E-05,-4.74970983168994E-05,2.04912828175846E-05,2.92895227132743E-05,2.67608073021848E-05,-3.18395861350277E-05,White
42,WhiteConv/_4114 @ 12h22m14s (18_03_08)-2.wav,50.6031865199591,-9.78679744675818,-9.66084381410095,0.124875703447069,-18.3574294929506,-4.9299313407233,-8.77619944637041,-1.98638785392613,-8.06590744611912,-2.6473974448432,-3.07654141420346,-5.68097812653472,1.13999932868512,-0.003631830817889,0.002133406191831,0.00105605429041,0.000695056969395,0.002069335248091,0.001566511726195,0.00175425796653,0.000158278891903,0.000446566226359,5.02652101188293E-05,2.63506224069447E-06,0.000236727891823,0.001550069641908,0.000133409104293,5.06680572069383E-05,7.72877962210923E-05,6.3419735938056E-05,-0.000112013989648,-0.000237356315446,-0.000271412786827,-8.05616859146961E-05,-3.69897756132234E-05,7.57873637164196E-05,0.000220174499835,7.03799401094564E-05,-0.000250841411536,White
43,WhiteConv/_4513 @ 17h41m05s (09_05_08)-2.wav,57.17276059783,-11.3267090187851,-17.5038811308862,-9.30186653237523,-16.1919580579471,-2.21663712379457,-6.66329876782117,3.27324781446021,-10.1248359329144,2.27310171930379,-2.33616999318866,2.49425779992211,-1.47965627417553,0.000438544242593,0.010309034073252,0.004228673158006,-0.001214308879748,-0.00059955966644,-0.000922140727472,-0.000637987943081,-0.002328788504941,-0.007014001718482,-0.000786732426536,-0.000253026994216,-0.002292328108217,-0.001758666278188,-0.000242675573095,3.46993467718854E-05,-0.000342534605091,-0.00091321519848,-0.00094230962916,-5.816400357841E-05,-0.000274635690179,-0.000443297972096,-0.000799000457943,0.0010105577272,0.001346542892421,-0.000565815823256,5.91147190423239E-05,White
44,WhiteConv/_4513 @ 11h31m20s (09_05_08)-1.wav,58.3604105839593,-9.477213208996,-15.4558699694416,-13.9224192295657,-22.7380932113628,-2.09957954956239,-7.13020788909751,6.17745676050215,-5.16169655364661,4.34148241511053,0.352168681897906,-0.18673100736204,3.09713342360172,-0.0020640292122,0.001602192777834,0.000902808347205,0.000944065110893,0.001234056978287,0.000793217712851,0.000767061520781,0.000564792770895,0.000871055567838,0.000111094357953,0.000425385134024,0.000117166870476,5.1105036536714E-05,5.27895129107961E-05,5.80639486955753E-05,-1.44603500366081E-05,5.47884332248762E-05,-2.59348559811016E-05,1.33911980860209E-05,-0.000159402336701,-0.000220778698531,-0.000110833050897,2.13079894594834E-05,-6.06320968289139E-05,-8.27740345980717E-05,0.000118504720236,White
45,WhiteConv/_1885 @ 20h20m29s (13_05_08)-4.wav,53.4414902040891,-12.8483750888658,-16.7554009414518,-9.36858049309227,-21.5097702722077,-4.77696289157441,-9.02550090496698,-0.417479440911696,-1.77515267935637,4.10436816593651,0.221348329434498,4.72858484351803,-2.02518155165593,-0.000596083860412,8.33624475591287E-05,0.00019023431527,0.00028212152724,0.000504518693949,-3.56492763562969E-05,0.000355983609979,-0.000263254592766,0.00055171771776,0.000663862330931,0.000903069755034,0.000262917572916,0.000125760628625,-0.000116265826943,0.000122639433852,5.60550115851832E-05,-9.37048385241542E-05,-4.16874777748374E-05,0.000115414488181,-9.58691933089981E-05,-5.53800712388973E-05,-0.000152046593402,-9.31669106239353E-05,0.000104752573384,0.00013538956061,2.57431277424502E-06,White
46,WhiteConv/_1885 @ 19h14m55s (14_05_08)-2.wav,55.6564670799107,-11.5407907844848,-15.2523547687121,-9.37136552126344,-22.6790087674757,-9.32714716381057,-10.2622427287184,0.496234615248505,-4.89892383877922,7.73589730098767,-1.63504493787267,8.29862949108149,-1.64718328347052,-0.000954178269661,-0.000881173606742,-0.000397475974741,-0.000805142070132,0.001115609119458,-8.40394220325772E-05,0.000156761219461,0.000320970610286,0.000324408536939,-0.001921606855005,0.000139082249184,-0.000885494664469,0.00032020649294,-5.21661275684858E-06,8.05865634846784E-05,3.23560025401145E-05,0.000178493069922,-4.9188786215717E-05,-1.2307985796107E-05,7.60517133809683E-05,6.13235609478019E-05,-0.000250976689078,8.7574525293192E-05,0.000172670158742,-2.17959501332798E-05,5.14429829141813E-05,White
47,WhiteConv/_0716 @ 20h04m31s (12_05_08)-2.wav,56.1936736418503,-13.2240226047843,-15.5649545334037,-13.1366332908519,-21.8726320539904,-3.05454570821618,-9.54542482525829,6.91492434188772,-2.3971553120345,6.81515361655975,-1.32787821152334,8.14645817869554,-5.37742200577432,6.30987254876088E-05,0.000173334305128,-2.57572059064094E-05,-5.54135180428221E-05,1.55628551933565E-06,-7.2576796266894E-05,2.43054195749452E-05,3.86725514270325E-07,4.55855229643297E-05,1.77792686518389E-05,-4.3989733252595E-05,-6.70652189884747E-05,-3.20995791465264E-05,2.91793636750201E-06,-1.78730383061529E-06,1.2298133660661E-05,-5.30756746377701E-06,3.73144524663885E-06,-1.25947213880933E-05,-1.30343216379731E-05,-1.03239794049273E-05,-2.92656964954244E-05,-6.91851228543444E-06,-2.82728078362324E-06,7.24395284376296E-06,2.05705438940708E-06,White
48,WhiteConv/_4513 @ 17h43m54s (09_05_08)-1.wav,58.2313783302847,-11.3731546368481,-20.356758464679,-15.3521364487788,-18.1750775452045,-1.09962176444074,-4.15341914002697,6.31890384382775,-2.44904048997891,5.25767349623528,0.425599043732906,2.88528495923308,1.04087479225695,-0.002024588153457,0.001028338401522,0.001594967080988,0.001217489280901,0.001679398279534,0.000715513160776,0.000246034432261,0.000819230692337,0.001102350706717,-0.000211458819745,0.000287211488087,-7.33196143750812E-05,-0.000561960748531,-8.49912383050114E-06,-4.0106729815386E-05,-7.72772070230929E-05,-6.57264135422746E-05,-0.00011182703968,-3.88923336312803E-05,-1.15079844130557E-05,-6.28650872554498E-05,3.2805471309213E-05,-1.13112528239261E-05,2.80544717760521E-05,3.92610426677366E-05,8.34074719728944E-05,White
49,WhiteConv/_4114 @ 13h45m40s (13_03_08)-1.wav,40.3884730870982,-16.7292730825476,-4.50155772065165,0.499312988184421,-10.7040798246173,-2.52623648708973,-5.56082144643503,-4.55311924211413,0.260055055058195,-5.12403937290624,-2.09738560877688,-1.0528598113961,-4.00623280934019,0.002589427410347,-0.001693370346048,7.09089804428643E-05,0.00035452811173,-0.000377014589506,8.26601197753698E-05,-0.000381005571364,0.000619334293712,-0.002121405254293,-0.001541578239605,0.000146576233506,-0.000524497063931,-0.00028165735797,4.20274150426307E-05,9.35907252353887E-05,-3.82631786901631E-05,4.96130596323929E-05,5.24040110022653E-05,-0.000263680636878,0.000163891046955,-0.000240526887228,-4.85733994448784E-05,-0.000145414280347,0.000330020665094,0.000353101453646,2.38336515460954E-05,White
50,WhiteConv/_5402 @ 19h25m47s (09_06_08)-1.wav,51.0845462071484,-7.03025734746538,-14.7682548253194,-15.600087716828,-21.7101010296747,-6.0151088986173,-5.06545062033638,1.27759580179415,-0.632049911905934,7.51246188441304,-2.58321842693877,7.25106780664773,-1.32344159194194,-0.000263262769621,9.81432864101886E-05,0.000163852074606,0.000116185642757,0.000106620095148,1.08032066159747E-05,8.40268526638921E-05,-2.64551648690993E-05,-7.90207382052314E-07,1.56588938253683E-05,3.03970019662995E-05,-1.20631713118186E-05,7.81103528886547E-05,-9.02443730415673E-06,3.30303652588233E-06,-5.02194447386236E-06,5.08687070876909E-06,-4.64487728187089E-06,-1.85779355961853E-06,-1.05680979098373E-05,3.39336599497864E-06,2.69565184643325E-05,-3.1209466178435E-05,1.70896992756018E-05,-8.21005181980157E-06,9.47630888977329E-07,White
51,WhiteConv/_4513 @ 17h14m48s (09_05_08)-1.wav,58.9817207417079,-12.8266443463346,-18.2319616603343,-12.7174564915859,-19.6032068672522,-2.89779170734873,-5.15902495665598,4.65564189306582,-7.070932327941,5.81858070817549,-0.223439938107106,3.36884824624846,0.92366770484841,-1.16898857702708E-05,-1.35283884507582E-06,-7.08349237024137E-05,-4.34900767616344E-06,2.91915495176538E-05,4.49789389085414E-05,9.0081246319708E-05,0.000100218646083,1.88069241765721E-05,3.94211847938365E-05,7.90801493375386E-05,0.000211008492458,0.000149345093636,1.0118390119586E-05,2.85348087515746E-05,-7.37050628464094E-06,-1.93882007822895E-05,1.26349848176511E-06,-1.9381365740968E-05,-3.67791745484163E-05,-4.66005863000447E-05,-3.83388144876912E-05,-4.11510713444223E-05,-3.02424956531582E-05,-4.33544447328165E-05,-2.64507730005203E-05,White
52,WhiteConv/_4114 @ 10h02m07s (12_03_08)-1.wav,49.4551420268985,-17.2287532488281,-1.6460141581275,-2.89893409681029,-15.3420994791802,-2.59708174570367,-8.67023514553653,-0.583734426608352,-3.36404845776466,-3.34327895408431,-2.59889502637211,-4.78606727777665,-3.9005103673249,0.000496799347275,-0.000326274238412,0.000952576840593,0.00072371505798,0.000188605767077,0.000459692542773,-0.00111047112615,0.000892040878247,0.001575139425575,0.001783903713668,-0.001195011964964,0.000326686014417,-0.000295132261942,-0.000183372229209,-1.36414756786546E-05,0.000149425905715,0.000137407766434,-9.42937549451974E-05,-0.000214923761278,-9.97542725964545E-05,0.000434054449862,0.000386169539974,0.000400680883109,-0.000386403154657,-0.000216241688769,-3.88660696362979E-05,White
53,WhiteConv/_4513 @ 18h46m14s (14_05_08)-2.wav,58.3826135386875,-13.9575395469153,-19.411058448916,-11.0020344304151,-24.1752185169474,0.744258713911759,-1.53463696317214,9.08387772053144,-6.29139313532043,5.27115333290897,0.395165020462344,3.15690505165835,0.506984624544702,-0.002373036850167,0.002657456112729,0.002346480498222,0.000607780703906,-0.000505599940664,-0.000979593665891,-0.001646718000997,-0.001241431836365,0.001933327180437,-0.001755879806286,-8.39079367623767E-05,-0.001072167368624,-0.000371356604697,-9.65922779211689E-05,-0.000205123907568,-0.000240154842264,-0.000182366291204,-0.000139715809897,-4.34230563249395E-05,0.000110336640476,-0.000154975895659,0.000221451735933,-0.00015012900579,0.000135517856382,0.000169488529963,-6.29388822184114E-05,White
54,WhiteConv/_4114 @ 15h56m33s (14_03_08)-2.wav,50.7294961329503,-1.45274235163553,-11.5344988297742,-8.82008276455849,-12.824655646532,-12.4129526864826,-9.72386122026222,-2.36728642329111,-5.98056171190417,1.25207566305904,-5.2834206936573,-1.90674139375347,-2.59365833953661,-0.011427738027197,0.007249509444575,0.006125580941485,0.003596735271304,0.004376913063962,0.001156334288167,0.001882274984579,0.003102156846796,0.002448697083077,0.000476884265682,0.001155123176567,0.001008011808601,0.002178295845895,9.83657077317517E-05,0.000101017805223,-0.00015622962293,-7.79542846674283E-05,1.74705367816849E-05,-0.000246419070572,-0.000194337986986,-9.82417611995563E-05,0.000730122853594,0.000215471539812,0.000327625891222,0.000109851602491,-0.000142934643511,White
55,WhiteConv/_3688 @ 17h41m21s (17_07_08)-1.wav,39.7328556269714,-14.2980871657818,-11.6313985464331,-14.0649317202568,-16.29041934273,-8.22794711903432,-5.88827429924992,2.73570749673081,-0.730288891457482,-2.15925856188148,-1.31483436188757,0.85259346654896,-1.26538693319459,-0.009783609639239,0.008025834704408,0.006012027987199,0.006294944318539,0.006160068072964,0.003511089754669,0.00411872652805,0.002614881205235,0.003069019967501,0.002670681976518,0.001675704545878,0.002358832505565,-4.24383036493129E-05,-2.42609875836766E-05,-0.000158182974722,8.37245363228088E-05,0.000168932450027,-0.000174595649451,3.48223625161808E-05,5.60683070530482E-05,-5.33366837844676E-06,-0.000565036901175,0.000245483997121,-0.000601230245182,-0.000663594069548,0.000216522622299,White
56,WhiteConv/_4114 @ 14h55m57s (14_03_08)-2.wav,50.8004689681065,-7.12773602992863,-12.5901430646354,-11.0244911130886,-10.4600748280447,-14.423417525986,-8.00075772029731,-6.70408670265433,-9.26145853423262,0.842144675486252,-2.42982383159135,-1.32368638945846,-0.989571451163096,-0.006055856590625,0.004472673142982,0.003056093515429,0.002906447254402,0.00278817600172,0.00183072254056,0.002331317647455,0.001646696397439,0.001877603433916,-0.000142191837151,0.001605882922559,0.000580971003526,0.001870029628453,2.38643389632045E-05,-0.000151408419139,-0.000234974918854,-0.000303192877129,-0.000290278524565,-0.000246098724614,-0.000303915871276,-0.000180927545518,-0.000140227857252,-0.000163382667481,-0.000392667489153,-0.000294549480078,-0.00025769943456,White
57,WhiteConv/_4114 @ 13h44m04s (06_03_08)-2.wav,56.1767626762945,-0.280516101474087,-14.9466702473454,-12.5589028042505,-16.5313690274298,-15.0531439716515,-5.73503969856383,-1.86037763551944,-7.43911493251355,-0.206260052135963,-3.10996510153725,-2.72541473485353,0.400790680495957,-0.001345758601399,0.000752818467066,0.00022864071511,0.00053353346994,-0.000161922827909,0.000245724222078,0.000294015536722,0.000447120908408,0.000169994160814,-0.000274519086806,0.000484453477827,0.000176942853349,0.000496994873289,-1.53455880423272E-05,1.0200473066226E-05,5.16527257556715E-05,0.0001369222162,0.00011185557421,0.000127748532066,7.41623147488264E-05,2.77266030284611E-05,3.01100987980466E-05,6.74987457360493E-05,-3.99943195744567E-05,-6.15611857692647E-05,-0.000104195064488,White
58,WhiteConv/_2295 @ 10h16m00s (02_06_08)-1.wav,60.1432164829453,-7.85747874844421,-14.0897600696754,-13.8045561108255,-21.0319183379314,-9.10646888860039,-3.56316627705889,8.49613896958086,-7.63846029699646,1.76330037022164,5.60049122242097,1.82638917812851,-0.032298120828516,-0.005739582744346,0.003164880065846,0.003003388040401,0.001558819580323,0.001976960609808,0.003600640575311,0.000967861128971,0.002355794290397,0.001785811913885,-0.000169523149773,0.001093471977538,0.000472993905964,0.000998528335923,1.81488802327312E-06,-4.52832437087225E-05,-6.20273461274307E-05,-5.43231251638069E-05,-0.000271037316548,-6.34425802002125E-05,-0.000239074639483,-0.000574999286889,-0.000152238176676,8.44569929182791E-05,-0.000133914335437,-0.000293511715485,-0.000211653877933,White
59,WhiteConv/_4114 @ 14h24m00s (14_03_08)-2.wav,53.6954882743212,-3.00989094503811,-14.2210610973596,-11.2138757329932,-15.8608438626273,-13.9766318965573,-7.00614420935285,-5.77804442728474,-7.37273363874164,-0.291455632723527,-2.5666105486307,0.368703010451287,0.480625098186619,-0.00444839375435,0.001176230094401,0.003111332356493,-0.000259670147893,-0.00238936764892,0.003996838993574,0.004913538299565,-0.001825304882782,-0.000442009806862,-0.002911660116612,0.000386404407207,0.002641493013541,0.002008022458347,0.000967722181223,0.000806758354198,-0.000910559222007,-0.0015639124412,9.13689132815947E-06,-0.000626692624053,-0.000336013775012,-0.000140399772246,-0.002136058910356,-0.000318590840955,-4.25689427107197E-05,-0.000605018523688,-0.000195292307261,White
60,WhiteConv/_0716 @ 20h53m49s (14_05_08)-1.wav,54.7193822507232,-8.88515801202371,-19.7445586971695,-11.9698271189523,-19.8035654867476,-12.9422861215271,-6.16533446482005,3.73735933792589,1.95921964556157,0.934461222019191,2.61356089765249,3.96101566594514,-1.80900144413739,-0.004819925037425,0.003464288065496,0.002719629558091,0.002982159937259,0.003382400974881,0.002106966706157,0.001049550327927,0.000920572460997,-0.000132107703529,-0.000579941888425,-8.80719314036674E-05,0.000336103192796,0.001066069983967,-5.43131356133855E-06,-7.16823759047141E-05,9.47869777037746E-06,0.000137175774563,0.000155628625746,-0.000249898342972,-4.48504762153142E-05,2.83121025319404E-05,-4.30872017684157E-05,0.000301053431586,6.68881329416867E-05,-1.97676141867295E-05,-0.000173627004933,White
61,WhiteConv/_5014 @ 16h20m14s (09_05_08)-1.wav,49.7043384720189,-8.4866808793159,-15.2671298598476,-9.3350881553974,-20.2053445903737,-4.79375547283745,-3.69042423699957,-6.16277869572582,-11.9335750696791,4.84584565127149,-2.76461462799761,3.36258766360218,0.53781025051122,-0.016078779192117,0.013776989178369,0.007879908877201,0.008819949324496,0.006993264901271,0.006623195567087,0.007954423740732,0.006585338642869,0.004311411167804,0.003775718442704,0.000418152982873,0.001644750759755,0.001403681024341,0.000144080355532,5.2197645617989E-05,5.5163367418134E-05,-0.00033455904042,0.000313454036593,7.87315581605684E-05,-0.000878290178198,0.000236044581863,0.000794330217232,-0.000480648745844,0.000468031236406,-0.000246899677608,0.000149197024236,White
62,WhiteConv/_4885 @ 18h53m17s (02_03_08)-3.wav,28.5602281922984,-17.3301577695076,-8.30911413158877,-7.36232240644674,-11.6152603731124,-6.57966083762097,1.67895255790407,0.637490058221788,0.171088297017291,1.11375953621388,0.530817397915889,1.1925781636839,1.25380816142126,0.001722101107172,-0.003291508355625,0.000305091447872,0.001064891060378,-0.00312783855469,-0.002329783588076,0.002979423591898,-0.000186956283054,0.000800788924726,-0.002795518258721,0.002069378683896,0.000371129526273,0.000378965553623,0.002200546801248,-0.002322265915649,-0.000674281826992,-0.000459622026491,-0.001230732894715,-0.000999874435216,0.000263158578991,-0.00039028859433,-0.000116221576473,-0.000872115012322,0.000253990552169,-9.28083530830736E-05,-7.05956897981351E-05,White
63,WhiteConv/_4736 @ 17h14m03s (28_02_08)-1.wav,48.8639997871306,-10.2250492941352,-19.3336928859781,-8.14106714795301,-21.7296912708578,-10.5012572530497,-3.91990471885843,2.6671301559556,-0.834311113336762,-0.948549182042653,-0.108133625377254,-2.91960740823407,-0.295496428155812,0.003222558776101,0.003077447415051,-0.000453772317409,0.002565101280183,-0.004825953899245,-0.003153647806124,0.001297051717829,0.002969496302254,-0.000757697900161,0.002758873134996,0.000655416340739,-0.002870389777984,0.002179198668985,0.000100141703059,0.000338461925718,-0.00011373795695,0.000117528689321,7.06969057272246E-05,-0.000156547186104,-5.43416107840213E-05,0.000573160989158,-0.000953369195571,-0.000639173873954,0.000649813194173,-0.001191433879159,-0.000113442705317,White
64,WhiteConv/_2295 @ 17h19m12s (21_06_08)-1.wav,57.8027569467764,-4.10420281640973,-11.8523704374593,-21.6092887425672,-22.1908222853777,-6.82181168734649,-2.68897728637187,1.88234535265006,-3.27471951501091,5.15226633801575,-0.787644023758401,1.42234831887222,-0.231659161146452,-0.000334046647643,0.00022919472527,0.00022523919073,0.000120692684159,0.000189661033952,8.81460342509324E-05,0.000103153923413,5.82782569296527E-05,-4.16592244857933E-05,2.52303321987948E-05,4.77911665480906E-06,-4.7948225406937E-05,1.61594095828433E-06,1.55857242848858E-06,-3.45185787157968E-06,-1.19445477118114E-05,-9.13144341378527E-06,-1.74821055099939E-05,-6.30811479984141E-06,-6.6747808528579E-06,8.76245768016034E-06,2.82207179077728E-05,-2.22578508624049E-05,-7.3954321944874E-06,4.98743247407302E-06,1.63941311410884E-05,White
65,WhiteConv/_5014 @ 12h04m55s (24_05_08)-1.wav,55.5901399312593,-5.76502204270169,-13.8757026529851,-11.6164494403153,-20.2235146321297,3.3599832879601,-7.80134936518641,-7.82201769492898,-14.4969192991472,1.98237098559249,-3.64093074933835,2.50292314527168,-2.45042266529419,-0.02155885819153,0.008950298167969,0.008251170620595,0.015762500914872,0.015091157412648,0.012612720846435,0.009682123043125,0.004128103276144,0.001383610983191,0.000847572177188,0.002418361294138,0.004250411553932,0.004984771453086,0.001123721821784,0.000676874480451,0.000290615455393,-0.001583665144768,-0.001362894450853,-0.001894956319549,-0.000826192619949,0.001164676164553,0.000708993578871,0.000872272502684,-0.001010783730825,-0.000791493240989,-0.00060558648431,White
66,WhiteConv/_1282 @ 13h04m55s (05_03_08)-1.wav,35.1143109988479,-15.4379475577536,-8.8572708619175,-8.5726138872196,-11.499838555979,-10.3060797643931,-10.3183712550527,-3.70186670804468,-8.86894808845827,-1.55452570109818,-7.37119225021002,-4.15344048360422,-1.34767850008866,-0.001792883775265,0.001995725053046,0.00114941153106,0.001067038587388,0.000593512389511,0.00093061046582,0.000872067429146,0.000251118340188,0.000313098573711,-7.37873137993456E-05,0.000626647717719,0.000584579597788,0.000366264973115,-4.24983245270921E-06,-1.72876974078188E-05,-4.4476118893327E-05,-8.64461764691815E-05,3.20370900045916E-08,3.83366444949835E-06,-6.87442487511989E-05,9.7582056858939E-05,7.53164248418887E-05,0.000135394581536,-3.94716885647174E-05,-4.19273532871194E-05,-5.19005647631923E-05,White
67,WhiteConv/_2295 @ 10h55m39s (04_06_08)-1.wav,60.8472153679478,-9.04753854123767,-21.8563532152356,-8.53604161738768,-16.4582128769858,-13.5573131328581,-3.30440063463289,1.11792075673971,-5.84235877477635,3.94334479189662,0.826693302831854,1.00133613475315,3.58125123541551,0.003360913400144,-0.000837988325185,0.002733014632007,0.004018424188215,-0.001616070602365,0.003450977363726,-0.001143551698343,0.001323229138984,-0.003850903443844,-0.001537181570819,-0.000100983683591,-0.002360948272058,0.005016716587808,-0.000175524805979,-9.51145241251414E-05,-0.000212074754906,5.83300309570042E-05,-0.000345505206321,4.87367867398852E-06,-0.000356484120921,0.000924016686883,0.001014098235035,0.001640044905026,0.000243695184748,0.000419105574315,0.000165993220462,White
68,WhiteConv/_1282 @ 11h55m12s (29_02_08)-1.wav,43.5009278305967,-13.4929844298404,-10.8584848502324,-9.20220251708122,-12.8289469143318,-9.42646999980019,-10.3062126583622,-4.00301273569828,-8.0355485738993,0.574635260220545,-7.11980695312986,-3.02764760954459,-1.39016459495584,-0.00714444441722,0.007692278029064,0.00443169739452,0.003106303777635,0.003618103433128,0.00243414489083,0.002682958669791,0.003050505910617,0.002252953578977,0.001322699233689,0.002507659275365,0.00192733704588,0.002406740716299,2.6722748330293E-06,-0.000171301467663,-0.000241745139114,-9.9155695372872E-05,0.000143472273689,0.000382713362989,0.000220082549316,-0.000271014473664,-0.000154646886828,-5.78197109171787E-05,-0.000235036755124,-0.00021038849881,-3.2615036214313E-05,White
69,WhiteConv/_0716 @ 22h37m21s (24_05_08)-1.wav,54.6250714092583,-8.75628419798276,-18.2216570638955,-9.56578567306029,-24.0179251033834,-14.82105776098,-6.55790555990157,0.670473049712367,4.52741615232575,-0.420677032248216,2.40474860025034,8.28308305836645,-1.67198698451824,-0.005470126582935,0.003776020768997,0.004310780121024,0.002875834464362,0.004033859944219,0.002292854387155,0.002862099268597,0.001564713175243,0.000784831511998,0.001075858889714,-3.47297809609342E-05,-0.000317027397817,-0.000597406698915,-6.76636994043602E-05,-0.00016224480846,-0.000120896699419,-2.13282461367247E-05,9.15969826598534E-05,-7.82785652880574E-05,-0.000255559676924,-5.58358968926577E-05,7.13828625444645E-05,0.0002215410038,0.000230592471943,-0.000135265030357,0.00010637149865,White
70,WhiteConv/_1282 @ 19h45m15s (27_02_08)-1.wav,48.6197933691084,-9.42168300286942,-1.82551164182051,-10.4236289665186,-22.4001273908208,-8.22676238415504,-12.3647309617187,1.33882155739267,-10.5236114400938,3.00730200819346,-9.72006447336592,-1.92353394086243,-1.21627819973705,-0.002885551024856,0.002436416579343,0.000829189274011,0.001609078919302,0.000981174205774,0.001122299495373,0.00095916328225,0.001269619718375,0.000609463481039,0.000438202674652,0.000788890532387,0.000336076280222,0.00023080325605,0.000203374219605,2.83564418565218E-05,-5.04027935822119E-05,-0.000158384851626,0.00012538129644,-7.98843323814083E-05,8.82041723752999E-05,-1.22319759093622E-05,-0.000178590256334,-0.000169036375378,-0.000171203654578,-4.85125120479217E-05,4.7864330185641E-05,White
71,WhiteConv/_5014 @ 20h08m59s (08_05_08)-3.wav,53.0105291129937,-6.21641005010829,-18.0543976855843,-8.7528728478397,-20.0710739150696,-12.9704000911676,-7.4175458974433,-2.70866926735126,-3.53746123561628,-1.73274365459143,0.38526896888728,3.30778351220352,-3.5835779680735,-0.003199874213045,0.0014610639098,0.002230517057614,0.001008656463772,0.001662034114522,0.000984225150047,0.001103930227883,0.000480893535126,0.001110930376615,0.000888302372129,0.000613832451072,0.000507997634996,0.000125727586197,-1.31668167439317E-05,-4.38143025864126E-05,-8.88123495055163E-05,-7.00178265198478E-05,-9.94592552437092E-05,-0.000211275671127,-3.50767512286994E-06,-0.000151992294044,-0.000200859329039,-0.000156672362473,-6.45938310301594E-05,-5.17397590885214E-05,7.48592861486118E-05,White
72,WhiteConv/_4383 @ 19h13m30s (06_05_08)-2.wav,59.2930896869283,-13.9357495356979,-19.0813243867109,-11.3094671251483,-19.5868375060244,-3.02935370606967,-11.6139710845761,5.89586176144638,-1.81512171516945,-1.54226238644803,2.6849762383575,3.6743637800884,-1.44482966433568,-8.36521810332067E-05,-0.000142185659915,0.000210875338936,0.000281500559842,-9.55650287522167E-05,-0.000320333849172,-0.000324996972393,-0.000196437652384,-7.48474276727014E-05,0.000113490325878,0.000200104423011,3.77551605370936E-05,0.000214383578602,-6.14404878266577E-05,1.60952904379106E-05,9.70053911158224E-05,1.11705950517482E-05,-5.41893209971312E-05,-6.35320599427385E-05,3.02177602511674E-06,0.000155641880043,8.61778352156091E-05,-0.000161599697911,-2.03269435160021E-05,-7.6479552220507E-05,-1.40616990987816E-05,White
73,WhiteConv/_4114 @ 16h58m38s (18_03_08)-2.wav,54.3433153455865,-3.6457687721232,-10.2286334946389,-11.7622336593731,-19.5277675006034,-10.1430526449625,-7.6469859074576,-0.959029491895936,-7.80973762922956,0.725959397699951,-4.24234693768518,-0.12018288881789,-0.506890032029248,-0.002361613629225,0.001457988768092,0.001150014213357,0.000790980975366,0.000663340694711,0.000594695631475,0.000556634865938,7.41472731630666E-05,0.000783381823317,1.06858294051433E-05,0.000241335087419,0.000404811699905,0.000331947834579,1.00192886880311E-05,1.4117377406358E-05,-5.02743082609422E-05,-1.49477150001678E-05,-6.20092787879631E-07,-2.94258265197147E-05,6.96529363109498E-05,1.59852633431273E-05,-9.71058912422144E-05,-1.95850166363975E-05,0.000130859428837,2.0020508185987E-06,-7.65018126268503E-06,White
74,WhiteConv/_4114 @ 11h43m58s (13_03_08)-1.wav,36.0504164482116,-14.8097601079931,-11.0334951509191,-9.48724727605479,-13.179830404372,-8.59812143261943,-5.7380895606924,1.43457753679595,1.38422111297634,-0.653067076327166,1.00487457008314,1.79552542958698,1.33315490961143,-0.003101078860056,0.004136849615633,0.001713081467979,0.00218171227856,0.000928140629998,0.001260785101361,0.000786526255622,0.000124102829815,7.11869788447562E-05,0.001310702418366,0.000499022184036,-0.00037295113202,0.000141195388241,-4.80436165023826E-05,-4.86147825154557E-05,-5.0238393030256E-06,-2.01902548583621E-06,-0.0001151364111,-0.000139023973274,-0.000130011812003,-0.000160312161197,-8.91036302412726E-06,0.000211976103527,0.000165653539083,0.000127105211995,8.35091779304638E-05,White
75,WhiteConv/_5014 @ 17h04m22s (08_05_08)-3.wav,54.3580022248931,-10.1734206420969,-19.4041999675443,-10.5499961206145,-19.811113099604,-0.170370740422184,-7.34355057374893,-2.83401813309328,-9.60303023206558,1.9262619722387,-3.87605516935174,3.0788158179368,-0.294419756981314,0.010018357077617,0.006798163367972,0.0052723240268,0.005017475857211,-0.003600433787139,-0.00330742762101,-0.003512970476879,0.001364680440388,0.000476953174209,-0.007002423859796,0.001785119972464,-0.004390956877269,-0.004127683641174,-4.94619285356156E-05,6.1461139267912E-05,-9.02212039952182E-06,-0.00036599035966,0.00044954176687,-0.001862064426399,-9.03367956525408E-05,-0.002096785271783,-0.000179337073701,0.000146648221484,-0.001355518380387,-0.00028829313348,-0.001425403529418,White
76,WhiteConv/_1282 @ 14h39m38s (14_03_08)-1.wav,48.3795230001817,-10.7898265377149,-11.2708122857961,-9.89951231701284,-17.2326670444618,-8.38639816330008,-10.7593525872421,-2.06107714369431,-6.92687708731296,0.295594885204891,-7.12435157936966,-2.33097977055192,0.78434000199543,-0.006185515288164,0.006241955675839,0.003786619729014,0.004564455029423,0.004058899942471,0.00431563216521,0.004475878374337,0.001680655238801,0.000129765501493,0.000252518056845,0.00145005029224,0.000695590271349,-1.37270598086476E-05,-2.17775280682056E-05,5.54350524353974E-05,-9.76967063890695E-05,-0.00031652945949,-0.000442762498031,-0.000257722135752,-0.000224393934478,0.000154474293866,0.000736112602336,-0.00010850886436,7.96936443102998E-05,0.0002862853788,-0.000448537331793,White
77,WhiteConv/_4114 @ 13h45m40s (13_03_08)-2.wav,50.8128856108275,-15.4750731518168,-9.41784452978599,-4.67924355553557,-15.289574465796,-4.45571103090491,-8.1505779707175,0.771149284579432,-7.2893627303478,1.82832700730966,-4.43797970979627,-2.77022220292898,-1.83712074131287,-0.005079823657092,0.005615445566098,0.001114303533936,0.003043651820818,0.001649928428706,0.001960367343592,0.002083662856742,-0.000157754319081,9.6282489609552E-05,0.002791354404113,0.000486378497566,-5.41421108623533E-05,0.000275859111475,-0.00028282391369,-0.00014636348159,0.000365419459227,-0.000520096922351,-0.000497700437281,-0.0004693151725,0.000212330156469,-5.51561558167461E-05,-0.000499404598512,4.12392094739062E-05,-9.24116324084727E-05,-0.000356248993298,2.50024341825643E-05,White
78,WhiteConv/_1885 @ 16h24m55s (15_05_08)-2.wav,56.3379666933926,-11.5435534861476,-17.0590441538758,-7.47729911624594,-23.5242499416479,-8.92154333597272,-5.75923708251852,-1.97241170871408,-4.21488717483206,8.03603459761677,-3.92153343815166,7.20950076470751,-0.760479805965303,-1.67284233978263E-05,0.000307860409666,-0.000193792536898,0.000119475338884,8.44689094625564E-06,-0.000301611386927,-0.000263551373967,0.000249767842216,-0.000386419710098,-0.000258924725824,0.000283089377597,0.000317331528072,-4.04686578745488E-05,-1.58848072820034E-05,2.38112696477921E-05,-2.24370433129482E-05,0.00013002958079,7.78763458207211E-05,1.04285746339614E-05,-8.72318050807256E-05,-1.35962747178864E-05,7.09494257851719E-05,-0.000143686694694,-1.09352483159504E-06,-9.75435279164904E-05,-6.05710863670176E-05,White
79,WhiteConv/_4513 @ 17h43m54s (09_05_08)-2.wav,46.6818874267653,-5.10813469667098,-20.1297484390554,-21.281203301627,-18.3482561699323,-4.56807626574265,-4.71057589133743,5.98913633924817,-2.6688803571643,4.67242319259696,-2.12570128217742,3.73643533270943,-0.497035958399141,-0.001121255673608,-0.000557219148555,0.000387987373606,-0.000365954413269,0.000486440408672,6.21994465224098E-05,-0.000121174296669,0.000326517843929,0.001168154039548,-0.000148392434741,0.000608745205998,-0.000142142356208,-0.000954739285501,-3.36146976478415E-05,-4.90546728063486E-05,-0.000111514872547,-7.14325802192093E-05,-0.000131968039129,4.17953415915885E-05,-5.22861962436579E-05,-4.12849322933799E-05,-2.26080902970634E-05,-0.00012715637822,0.000149510310051,2.7966776891372E-05,7.7480581844728E-05,White
80,WhiteConv/_4114 @ 16h32m29s (06_03_08)-2.wav,51.8361166231002,-8.43954063785915,-13.1932145734807,-13.3012361020475,-11.0931663786306,-7.55563429676402,-11.5725768993702,-2.4133640564412,-8.66866461842839,-1.32493492795612,-1.85505904682498,-1.90292869740179,1.13181655625173,-0.007548024129729,0.001910142168856,0.004854110337965,0.003925745718039,0.0009634739506,0.002160292057959,0.003137221120171,-0.000131681176575,0.002465301763253,0.000712124666947,0.00083749962892,0.000841681886265,-0.000355269590998,0.000148489039547,0.000244871106773,-0.000628244653914,-0.000587384455855,0.000355575608704,-0.000142772991758,-0.000462179374293,-1.924329408673E-05,-0.000214778046012,3.01432437948013E-05,-0.000155347126827,-8.57337716064913E-05,0.000292495068718,White
81,WhiteConv/_4114 @ 13h13m37s (04_03_08)-2.wav,46.1510875764954,-10.1578737634785,-7.14425412664366,-11.0331539051785,-27.0605979339537,-4.93809491871293,-8.32085727379059,1.52278514919554,-3.23747544661544,-0.112404238157495,-2.61614455194829,-3.19798900828994,-0.419837214934116,-0.001384850590417,0.001457512994346,0.000453946162624,0.000705826906589,0.000904329186625,0.000723124930287,0.000963314667728,0.000724252616795,0.000516866626792,-7.63104451110693E-06,0.000559819796177,-0.000211224255322,-0.00023755583432,2.91657626748648E-06,8.70576205550084E-06,4.53575809349447E-05,-4.26140915409918E-05,-3.32602760149621E-05,-7.64350098703872E-06,-0.000206403005959,-0.000143026004309,-0.000117168167432,1.04438913619779E-05,-7.67838344299041E-05,0.000166216856136,0.000126498467164,White
82,WhiteConv/_0716 @ 10h28m39s (24_05_08)-2.wav,48.0919430948355,-13.6408007549415,-15.3343502872473,-13.304423615576,-21.0346469116135,-5.47683132405612,-4.81763052261517,6.02601760258688,-0.727636544718722,5.47725118748237,-1.13775270993903,7.69614227366528,-2.3085972621143,-0.00030954767874,0.000312759428501,0.000982094533548,0.001741502607548,0.004353645840514,0.002148705979027,0.000198755830058,-0.001544141009956,-0.00304379239619,-0.002320598180917,-0.00231571824795,0.000866778559322,0.001612110404034,0.000248187565036,0.00067671139889,5.56679160917293E-05,-0.000630235482267,-0.000976875839211,-0.001131195160158,-0.000385750616773,0.000345636100731,0.000369655517502,0.000203546171624,1.1896199477713E-05,-0.000469254234664,-0.000590752455503,White
83,WhiteConv/_5014 @ 09h30m18s (27_05_08)-1.wav,52.212395734035,-6.5602031770757,-17.3161108336828,-6.25316788649041,-15.8796114229636,-8.0389054372982,-5.03542664369232,-4.01799207287127,-16.3402764955841,0.818659872069674,-7.23686372324815,-1.65296643752024,0.523028606241015,-0.003971250695169,0.003119994216415,0.003122399813468,0.002639562508519,0.000782837795201,0.001252985215067,0.002099163535717,0.000841293025977,0.000473413207635,0.000179295596367,0.001608017135202,0.000755367554701,8.282975524555E-05,-5.9602744842296E-05,-5.86104255958809E-05,0.000128599390942,-5.27390156997004E-05,2.4550347804975E-05,4.28994810154281E-05,-6.55690218019072E-05,-0.000208812891067,-3.49794628119748E-05,0.000281275019414,-0.000306821879212,-0.000264159670318,-0.000122839680342,White
84,WhiteConv/_5014 @ 18h10m04s (20_05_08)-1.wav,47.8208548705389,-7.07205610568573,-13.9167520325361,-16.157565923995,-19.9918174944926,-0.208168954589467,-3.96011977866282,-3.92115509422413,-11.2020644214059,0.877862260444076,-3.53399832875162,1.13146146626545,0.081732005383338,-0.000423684801516,0.000311348553331,0.000240655171235,0.000311952834978,0.000284052733417,0.000213121218585,0.000112588703313,-3.47695142102981E-05,-5.74866061910294E-06,9.5917889378699E-05,0.000109361478642,9.56391934326918E-05,9.28842343395263E-05,-7.14008385632222E-07,-5.65704657317317E-07,6.08998998036733E-06,-1.33033322914643E-05,-1.33172028775674E-05,-2.10184792755255E-05,2.11457193259311E-05,2.21233572183138E-05,4.07542129848191E-06,1.32181354778964E-05,-5.56991126597483E-06,-2.67750790724574E-05,3.9446190714371E-06,White
85,WhiteConv/_1282 @ 16h34m50s (08_04_08)-1.wav,47.8893171622711,-2.81165644017035,-14.2998766334664,-10.9138418571392,-13.9154246429371,-13.7502240548549,-9.99347397221918,-1.59793349633293,-8.57372645086164,2.86933133375159,-4.24523741812114,-2.01263361056057,-1.92348232999114,-0.002494499049694,0.00155981217249,0.00185364241961,0.000679035956437,0.001110590087822,0.002168919590383,0.00096681096183,-5.3472283167115E-05,0.000493775674512,-0.000110581755222,0.000675607293773,0.000522370561346,0.000107851444654,-1.87424294073529E-05,-9.65957288335985E-05,1.57137477436634E-05,-2.83178914297755E-05,-0.000199772389599,-0.00035082428794,-2.96692071418031E-06,2.07005575779296E-06,-0.000172490961154,0.000127455699262,-3.48027536146867E-05,-5.52058308763973E-05,-3.28423955056661E-05,White
86,WhiteConv/_1282 @ 11h55m12s (29_02_08)-2.wav,42.6941436986901,-22.7732489542341,-10.6199259106794,-6.73081084122043,-13.6595600477043,-4.81805654025447,-9.14154826921464,-2.26206055733992,-9.8248522837136,-3.23523309083044,-5.56341360435111,0.290001309078768,-3.99009366941231,0.001959236230815,0.005976364392882,0.001978090382643,-0.002616404780177,0.000120234974758,-0.001300315587396,-0.003326546112677,0.002823956083027,-0.0004088406634,-0.002394236002194,-0.001551502833267,-0.002067770532523,0.003496759371455,-0.000465381216223,-6.04440122241339E-05,0.000541511064959,0.000822093465084,-0.000745018848358,0.000732615551599,7.64370385867991E-05,0.000124874053549,0.000295032673079,0.00083724030857,-0.000475813239409,-0.000819724159661,0.000137490822813,White
87,WhiteConv/_3688 @ 16h51m26s (15_07_08)-1.wav,39.7384928924021,-14.4279601829987,-12.5757992116313,-14.8770642565421,-16.0655241141938,-6.73884776039588,-5.62427641933175,0.284232271736311,-1.99216350324929,-2.13977040749502,-1.21235762791533,2.72967137578547,-2.14038853214974,-0.014694235169451,0.011857423942204,0.009259008510009,0.00837803651564,0.004111962318662,0.004414457991116,0.003759575413913,0.003781953924888,0.005292198479935,0.004225709269718,-0.000315349018982,0.000651053953681,0.004077949481123,0.00017193673851,0.000334799406906,-0.000189406811333,-0.000286328779121,0.000258959981904,0.000166018239822,-0.000158100952819,1.04981148003698E-05,-0.000807693543353,-0.000352420293156,0.001368831441459,0.000950344614579,-9.82917476177025E-05,White
88,WhiteConv/_4114 @ 14h08m11s (07_03_08)-2.wav,47.4414146848814,-12.0092104412204,-14.7820837706237,-7.17851283558384,-14.301011709552,-9.51759890260636,-7.48439054568973,-0.547084336160924,-3.67994513883871,-1.7388784149244,-3.08726498724013,-3.65894567310138,-1.50805512776969,-0.003777786345066,0.001918719204778,0.001082165794404,-0.000136639107609,0.000330247864819,0.00038084422374,0.001114161238194,0.000648711369028,0.000806024802949,0.000414378769944,0.000367312311497,0.000735617686702,0.000910497830318,4.30924491863846E-05,0.000494271905549,0.000507754244629,-5.14223323469686E-05,0.0005517995919,7.89769588152956E-05,0.000167804611399,-0.000753007725408,-8.37561332663907E-05,-7.57496063478728E-05,0.000167359289462,3.59223775313239E-05,-0.000280464818904,White
89,WhiteConv/_4114 @ 12h26m58s (11_03_08)-2.wav,56.637286044909,-7.56747756455225,-19.6163991131167,-8.58611014130455,-15.0212258599189,-9.74131199398457,-2.84458023049726,-3.0991705412411,-6.84629696975262,3.04281507594734,-4.66683134668728,0.103974426314008,-1.78220619358466,-0.001575628536334,0.00080287856677,0.00108776514738,0.001100658747031,0.000662133063037,0.000399052804425,0.000245430353417,0.00034237883755,0.000213066352671,0.000258313794708,-2.89840792560532E-05,0.000309172433177,0.000183740749676,-0.000255667505936,-2.95003345512104E-05,3.70843392085861E-07,-4.75295738236743E-05,-5.32699889791435E-05,-1.18907796830525E-06,0.000108032276229,-1.04353828354226E-05,-4.80236335166269E-05,0.000155617817541,-3.06862480092008E-05,8.63736448977054E-05,7.49181112759008E-05,White
90,WhiteConv/_4513 @ 17h41m05s (09_05_08)-1.wav,57.4093053530539,-14.0736177570709,-19.5372303937309,-10.1070655177017,-15.7263837494884,-1.35792564068576,-4.69028521446552,4.80493540293632,-7.40847964114687,3.12793101586227,0.500837169568269,3.18604866568142,1.04941306228784,-0.015671255585877,0.013333444663003,0.008853960565823,0.007615960029106,0.008820250684687,0.007127054716215,0.004757645969651,0.000479162944144,0.001042651686869,0.000519343131117,-6.40738695700239E-05,-0.003149256142421,0.00052121510644,9.95412824261034E-05,-9.96869156061332E-05,-0.000340533795391,-0.001227527593176,-0.001164842341898,-0.000637458115693,0.00105915228449,0.000925063333368,3.53074629654692E-05,4.31971498919768E-05,-0.000537938797447,0.000899319873655,-3.61168911571043E-06,White
91,WhiteConv/_2295 @ 20h56m08s (19_06_08)-1.wav,61.8695941728935,-6.98897471731535,-14.856662065254,-19.9640001592657,-22.4062334604999,-2.43321009271828,-3.35910398651551,1.62239136984475,-2.33451075492039,2.46616994257081,2.68243062127063,2.65442471519208,-0.63625825864103,-0.000667036732525,0.000477588743614,0.000429838904627,0.000306341643959,0.000302059247106,0.000197711086267,0.000147899607288,0.000139187974566,2.91977952612782E-05,1.70223907111896E-05,3.82421857514143E-05,-7.61442554045244E-07,0.000106465509971,-3.39924115992283E-05,4.22014369127145E-05,3.84625296346009E-05,-2.34546791232259E-05,-1.61177009832771E-05,-4.60254741293256E-05,1.7057872659965E-05,3.19679750856115E-06,-5.09646571705955E-05,7.85960297742275E-05,1.17754158059895E-06,-1.24378713489854E-05,-1.51258788368297E-05,White
92,WhiteConv/_2295 @ 11h11m29s (02_06_08)-2.wav,62.8236914757761,-6.15698636121651,-18.8865703375563,-13.053960772321,-21.9758377414185,-10.7982089515742,-4.80103806284853,4.60859771726737,-4.06211972659291,3.34840744290594,2.3606914815502,3.76278490510504,1.87410863399127,-0.010931853940157,0.002072737107733,0.004267217039461,0.003749708520041,0.00525715534706,0.004684018107961,-0.001818483146142,-0.001090548446611,-0.000974039611635,-0.000753236483425,0.002240021004108,0.000223489121754,0.002723025086808,-3.72276392388558E-05,-0.000105135169025,0.000171186886528,0.000372135189331,-0.00021687201512,-0.000496831799097,0.000500819357906,0.000242089379609,-6.76524023799896E-06,-5.27851629156245E-05,-0.000366719747833,4.30932039365085E-05,-0.00022304793762,White
93,WhiteConv/_4114 @ 15h56m33s (14_03_08)-1.wav,49.0646757890395,-19.2690201392625,-1.5968884264579,-3.37289995969276,-13.63067879254,-2.02228254081488,-7.76737646357829,1.00740627831476,-1.35769121898425,-7.01799475042751,-2.28466526635669,-4.20446801551319,-3.20436838229264,-0.007585778823188,0.006496221560937,0.002698526667451,0.001864445798676,0.003156949761913,0.001820016319344,0.001855474254892,0.001101490020826,0.004158638725108,0.002665172688387,0.002264121067722,0.001598943081353,-0.001195840441828,-7.51493798578588E-05,0.000126329265573,0.000129759854593,0.000141211169767,-0.000272364459395,-0.00027540862626,0.000221873263068,-0.000263254966027,-0.000593510266309,-0.000393527589732,-0.000104688834243,-0.000499459231898,0.000277978157537,White
94,WhiteConv/_3688 @ 16h47m52s (15_07_08)-1.wav,45.1303634296185,-13.0877909686053,-14.880743310126,-15.1321042744956,-14.1670790864,-7.90079661434609,-4.73300898051367,4.46742179101592,-1.85090493342958,-2.17502935902964,-1.24173042984091,0.731430684108841,-1.63140685339284,-0.013909316195818,0.011265258125405,0.00693134525147,0.008137208505569,0.00836085775791,0.003927941719282,0.003631474770024,0.006081452107552,0.003797062289183,0.003870986166683,0.001115242412109,0.001109853199674,-0.001031607378639,-1.05583464328462E-05,-0.000253973088257,-6.68527294385562E-05,4.31773506056686E-06,-6.00768351738084E-05,0.000434754308687,-0.000548213322566,-0.000477213728099,-0.000935734736036,-0.000727480577698,0.000606362842467,0.000536030349474,0.000781794512667,White
95,WhiteConv/_4114 @ 14h55m57s (14_03_08)-1.wav,42.9680605296262,-16.2294035658038,-2.58862343692652,-3.36750901132231,-13.2132777806443,-2.14466483015445,-7.7847093878415,0.296712186563611,-2.60869378888263,-6.98005966127233,-3.07971137162331,-3.43650383262134,-1.14825507252876,-0.000460553455648,4.96833290821189E-05,0.000289079099697,-0.000245431192034,0.001580035102494,0.00036604812783,-0.00081251209424,0.000793220932486,0.000435312794416,0.000513870502677,-0.000104094467128,-8.86975525766943E-05,-0.000988756058488,3.37463041555237E-05,-3.16515161877545E-05,0.000155343095258,-2.42059511712812E-06,-0.000251207729783,-0.000131123839532,-0.0001861009269,-0.000342687973012,-0.000467568477626,0.000108062476076,0.000689962791784,-0.000512482608982,-0.000325429281777,White
96,WhiteConv/_2295 @ 20h55m41s (23_06_08)-1.wav,64.7042716366051,-4.45837739008285,-19.8392169745692,-16.806212712182,-22.8896531545193,-3.87123560548902,-1.77984993282091,6.41048743985536,-2.80744408342531,2.91396304374429,3.76645096612399,1.66861946793433,-3.10948595178332,-0.004475914810184,0.002413757173261,0.003564935649509,0.001471448411795,0.001565344943728,0.001428467600405,0.001360049454446,0.001298156561344,0.00037407016455,0.000428112114506,-0.000350458115516,-0.000994405370163,0.000334866700347,3.05814859692846E-05,-4.06140870142468E-05,-7.54641362006024E-05,-0.000119328949072,-0.000119783936694,5.56104199960913E-05,3.58668316125952E-05,-0.000268435807305,3.59980807953469E-05,-4.3764894061723E-05,-8.52702710344992E-05,0.000279828591599,0.000175573517582,White
97,WhiteConv/_4513 @ 18h50m02s (14_05_08)-1.wav,61.8664637568895,-6.93981017082434,-21.1516851202345,-13.9479006987323,-23.4022875109198,-3.26575564416048,-0.64359924767372,9.02013254139252,-5.29946889119333,3.29554817194015,3.31930475228391,2.2911380868669,1.48296259457826,-0.003897084614138,0.002121978422071,0.002575438944675,0.001015037916667,0.00073595293576,0.001365178260949,0.001456629512437,0.000863782100803,0.000308900072751,-0.001208056852436,-1.85454854224767E-05,0.001359500820203,0.000650576869429,3.68366628592876E-05,0.000119752524453,0.000119091682856,0.00012092232641,0.000131313353557,0.000101502655107,7.59940614888361E-05,6.9406515396969E-05,0.000206148735121,-0.000144283728183,-4.63714409756138E-05,-0.000176135404702,-7.43066892383351E-06,White
98,WhiteConv/_5014 @ 13h52m43s (11_05_08)-1.wav,66.4589468660889,-5.52430434835484,-21.8134497542627,-8.45894256511326,-25.2419719754948,0.36711528427261,-0.682997772739667,-3.37748371151627,-15.3146491449584,4.96752993291274,-4.68525916343167,4.24288851801595,-1.00152650978032,-0.017985821203306,0.006322098669842,0.012944870399582,0.006969590619631,0.01047162504169,0.003069315854302,0.005452947423168,0.004402135966995,0.003247169766897,0.001146748905549,0.000315867955505,-0.00222826905791,0.004714673477973,-0.000100428273504,-2.52030633658924E-05,-7.39638280513684E-05,-0.000440888418303,-0.000472000822397,-0.000244756702841,-0.000741935754153,-0.000308738497073,-0.001053043764956,0.000159452298411,0.000928321560093,0.000533495723698,-0.000747506016223,White
99,WhiteConv/_5186 @ 18h27m39s (14_05_08)-1.wav,50.6080464249298,-9.16660655767859,-12.69179667669,-11.5634969573726,-26.9332835230269,4.82726061872889,-4.1434703404417,-3.09202008188147,-5.6886178388901,0.686917826029454,-5.36431069099897,0.316679788198113,-1.16673871918582,-0.000874534638753,0.000846004761065,0.00039217329256,0.000462834386212,0.000282676120177,0.000273688432163,5.31378469249205E-05,0.000154144857792,0.000419464045772,-1.89337795937701E-05,2.27868421129784E-05,8.45441820334415E-05,9.13384769524024E-05,-1.26370981798476E-05,-8.01338238487897E-06,-3.37692585416622E-05,-4.33056302581012E-05,-3.37046757988155E-05,3.72277222434264E-06,3.6998119192585E-05,1.86814922614922E-06,-1.35023870807378E-05,7.90039390175335E-07,3.98386933204386E-05,3.2651570294726E-06,6.56739716454521E-05,White
100,WhiteConv/_3393 @ 12h09m10s (22_08_08)-1.wav,46.6929542533905,-10.8969907441663,-18.6666488557242,-14.8298037240751,-16.4255827933352,-3.63719309970249,-3.47787586565126,1.58959750802151,-1.08136728841392,2.45761076568459,1.85328137633483,1.80591378300181,2.51686020091302,-0.001293875000197,0.001015406127033,0.000778484802404,0.000664395404781,0.000621637933324,0.000189563883597,0.000200407707774,3.12417621564904E-05,0.000142264599925,0.000187595721468,0.000321065226882,0.000226169861587,0.000159922453689,-0.000189508287515,-8.72032298384077E-05,-2.68261469077222E-05,-2.0166260289502E-05,0.000329468998243,0.000189516237906,0.000114323580949,-4.30301256901273E-05,3.18154553801083E-07,-6.49862738095816E-05,-8.75332196353564E-05,-8.76949543500728E-06,3.90677806112524E-05,White
101,WhiteConv/_4114 @ 14h31m20s (11_03_08)-4.wav,61.5529320872664,-5.77195144072013,-16.8377591010698,-7.52017883953804,-16.5631064852122,-6.20566583102452,-9.42936534637624,-3.74266595853794,-7.75447263432816,2.21669231965203,-3.15116038335143,-2.71361731970532,-2.47891054325206,-0.013910719373084,0.007238439347905,0.005769307554127,0.002517932923181,0.00497799315546,0.002665694176875,0.004068111997883,0.002082515000811,0.003432616906548,-0.000857853986316,0.002640668080859,0.001729848277903,0.002529471567643,7.5322721717555E-05,8.32648959222423E-05,-2.59626639266881E-05,0.00039347852343,0.000301637403182,-0.000410852191599,-0.000629777907625,-0.000448578641058,-0.000314735496857,0.000775584441569,-9.49118341440071E-05,-0.000531932766937,-3.98808599792386E-05,White
102,WhiteConv/_4114 @ 14h24m00s (14_03_08)-1.wav,44.733859279396,-16.8680499634963,-4.52138197661814,-0.571240752415874,-14.41484142846,-1.73588804210623,-7.25130928088086,-0.719967077947991,-1.00246985523416,-5.55284297067468,-3.33246493550222,-2.61173473765335,-4.03072565872771,-0.008407654908245,0.005901328709816,0.003812163126775,0.002349237917428,0.004664607873815,0.002144873906869,0.001219974773711,-0.000210281806064,0.002902585789627,0.003414930145923,0.002111499790689,0.001461863020522,0.001319127475272,-0.000104077095592,7.65333794840835E-05,-0.000209191203428,-9.68274380920342E-05,-0.000663372959262,-0.000329720491076,6.97959045673161E-05,0.000138094766872,-0.00048094205843,-0.000351401904313,-6.29296785309918E-05,0.000111463956927,-0.000221998935764,White
103,WhiteConv/_4114 @ 11h12m40s (11_03_08)-2.wav,50.3422275769967,-8.94291261995823,-12.1208882768083,-12.3595629019853,-17.5361500346538,-8.78253341523518,-8.13785676751924,1.22941656401271,-8.51946241070148,2.23235881779212,-3.8995815293495,-3.42252837023947,-0.476445762815028,-0.003009306017623,0.001663717081347,0.001621167674315,0.000775903039262,0.001250738442455,0.000216192345472,0.000345813276894,-0.000237172303154,0.000268270476192,0.000150936074119,0.000191360195113,1.92449686411818E-06,0.000398799594844,-8.42569208991055E-06,-7.42107551520003E-05,-4.74537976046786E-05,-8.50260780222951E-05,-2.7789700695791E-05,-4.2587287910312E-05,0.000188606231455,0.000192267094821,0.000178636419944,-9.80959260763382E-05,9.33071327754251E-05,-9.94212814885288E-06,-4.94331534978226E-05,White
104,WhiteConv/_4513 @ 18h50m51s (21_05_08)-1.wav,58.7327824063368,-10.1300387623521,-20.404454427192,-15.5685530962001,-22.7943536336484,-0.828777902819994,-8.1090898833901,7.64091363348453,-6.16766415559283,5.93787774993106,-0.665244344568838,3.50884019105943,3.48641295891185,-0.000677921040952,0.000327372937046,0.000308409745926,0.000288428229834,0.000293635657483,0.000195215413041,0.000321695559609,0.000114316493913,5.71990856616298E-05,-0.000114075709994,3.28325424145046E-05,-9.46576344634902E-05,-3.61460809798179E-05,-1.69794461329998E-06,-6.90830654253374E-06,-1.02107074031518E-06,-1.25684541967326E-05,5.33847508289498E-06,3.10365360796364E-06,-1.26148049525369E-05,6.42904375821646E-06,3.60801370675971E-05,3.10208504395418E-05,-1.33636099551835E-05,-1.81270025734606E-05,-8.27317268474552E-06,White
105,WhiteConv/_2295 @ 13h01m17s (01_06_08)-3.wav,64.5960863992456,-5.31653693392933,-13.7589642238537,-21.8984321096649,-19.6499055477897,-4.28043109860507,-2.10847441792315,2.516356349306,-4.74479043434582,2.56583346728316,1.32230758569724,3.20683993313146,-1.03792834742065,-0.001743108025257,0.001018010415296,0.000885158260049,0.000744854375211,0.000895470912208,0.000597880897686,0.000447160318832,0.000279429431569,0.000419186166669,4.35264889609424E-05,-0.00022555442934,4.96593538116122E-06,0.000330983915652,2.37309245587702E-05,3.70756892123082E-05,-4.26999894613079E-05,1.67222827323573E-05,-5.26590701638748E-05,-6.2138807925283E-05,0.000118845490385,5.47351081103991E-06,-2.84405284924274E-05,3.06664567813175E-05,3.51952266487407E-05,-0.000104016654643,-5.47861173663938E-05,White
106,WhiteConv/_1282 @ 16h26m22s (26_02_08)-1.wav,51.3691785671923,-7.13411658086363,-8.49913295603126,-12.4076830507907,-20.137098695306,-5.39309044964868,-15.8370835741824,-2.79650003902047,-10.7034941553172,1.68908603606261,-7.24537383535912,-0.360336998048762,-3.06337737900584,-0.017563362103326,0.009641210103504,0.008873950692544,0.006065860713518,0.009563012334342,0.009212128069618,0.008513377359717,0.003641412467859,0.006170771311857,0.001674257249198,0.004559996710002,0.0012758792544,0.001267529475617,0.0003144883097,0.000325373941681,-0.000227977121668,-0.000504849259246,-0.000837506293391,-0.000752314793515,-1.93256768771857E-05,0.000123974382661,-0.000635015770533,0.000424807579636,0.000695336403461,0.000256848582192,0.000626356136862,White
107,WhiteConv/_4114 @ 10h02m07s (12_03_08)-2.wav,46.8291542477164,-9.48902713709361,-14.2776761036085,-12.2998699947319,-11.9692589427132,-8.37913000671976,-8.87497544648549,-3.27718679222251,-4.16472405577178,-1.46021663019732,-4.49340681182311,-0.593781409705616,-0.627240631769553,-0.002965541356748,0.003315423291696,0.001372835754672,0.001399898762809,0.00076647214971,0.000645420209992,0.001092355720724,0.000998641764305,0.000625645783716,0.000188124295367,0.001022031920185,0.001079537500152,0.000487866459794,-0.000279219317068,-0.00028252223282,0.000325730480976,0.000275005667307,0.000410205233514,0.00033293889077,0.000128479255869,0.000200085231316,4.36916190730618E-05,0.000404481195129,4.51170270590537E-05,-0.000172820703508,-5.54933120817535E-05,White
108,WhiteConv/_1282 @ 10h21m15s (11_03_08)-2.wav,40.3372980989606,-21.7336713336535,-12.8272897580547,-7.57122631562996,-15.5499155647021,-6.31502692142132,-7.9781069277253,-4.41669894092355,-5.17470926577683,-2.18195694955679,-3.02742882769794,-0.182461295629707,-1.27641588931827,0.005032762046462,0.000598789158322,-0.003066878216916,-9.85003730381374E-05,0.000349681749489,-0.000334714332079,0.003277965134288,0.001859822829223,-0.001236757887902,0.005004055179133,-0.000366508472571,-0.001577949758487,0.00019683714472,0.000157793948607,-0.00026061394747,-0.000455191271686,-9.59502007355927E-05,-9.33120468045379E-05,-0.000152425068058,-0.000212800493877,-0.000841162573275,-0.000923122636287,0.000673132392563,0.000254478562408,0.000325028464762,-0.000125386350767,White
109,WhiteConv/_2295 @ 10h48m10s (04_06_08)-1.wav,60.3684883111251,-7.40973040748112,-16.6303055064819,-12.3814812871504,-20.5614809967961,-10.9727844394936,-3.80154337005121,4.48834638972956,-8.81975392544261,4.87617178723732,-0.633956019476136,1.64993557724134,2.19257093240959,0.000556885810336,-0.000165472378573,-1.11664199473168E-06,0.001169011832392,0.000143129836158,0.001679658845538,1.96633170419546E-06,-0.000233455528948,-5.20106339532594E-05,-0.000745360472367,0.000708794885323,-0.000540587199436,-0.000214933197423,-1.06542408689151E-05,0.00023244452316,7.59575003784383E-05,8.07114735444537E-05,0.000310810874231,0.000379799567624,-6.41107516653217E-05,6.31417869572277E-05,-0.000197607843838,1.62026892064483E-05,-0.000117322500236,-5.12533448758994E-07,8.39733369910738E-05,White
110,WhiteConv/_1282 @ 11h47m35s (20_03_08)-1.wav,41.9057644457626,-13.8205372319916,-8.98324891205812,-8.90315760208696,-17.5937224106489,-6.46011333146784,-10.9518092799092,-2.73957409065617,-7.06476894760193,-0.440615497403626,-6.92174343851035,-3.11297011985484,-1.15608800691126,-0.007048947497589,0.007260082250508,0.00435388307622,0.004137194849832,0.0045226878712,0.005366110635113,0.004091388094966,0.001642302371706,0.001492380493264,0.001270368257621,0.000924022909187,0.001066934917942,0.00285670727977,-2.98820254674756E-06,-5.32449808538609E-05,-0.000191996721798,-0.000208407543601,-0.000118934944288,-0.000127081222421,0.000169961308056,3.87967415675466E-05,-0.000369539947815,0.000192567097328,4.47036417189668E-05,-0.000311354649375,-0.000407556273935,White
111,WhiteConv/_4885 @ 18h53m17s (02_03_08)-1.wav,44.2096885882909,-6.31172524202472,-17.1415327976398,-12.9526483219929,-20.5180857725991,-9.91116809257237,-0.725677472815244,4.52662289297473,2.98204492137104,5.03266035801555,3.79081896268051,-1.3964294716787,0.722502756157512,0.000168297184149,0.000157044762804,0.000183889486139,-0.001345259306251,-0.001349188906525,-0.000581428595493,-3.55148031622915E-05,0.001107509577329,0.002117073176771,0.000742212943994,-0.00099847977888,-0.001504504464776,-7.08333712370177E-05,4.67243646597225E-07,0.000366718153693,0.000388722233096,0.000153520630464,-0.000194737900149,-0.000363714081329,1.43390618808802E-05,5.28621609926814E-05,-0.00092599638539,-1.73977000038783E-05,-0.0002802640945,-0.000273872523464,0.000509379121826,White
112,WhiteConv/_2295 @ 13h08m50s (01_06_08)-1.wav,56.3067705543572,-8.32974404914883,-12.9408814055202,-21.6963586270991,-20.6145756313983,-4.50374807856134,-4.51008041926681,3.01105011495149,-1.75726695145827,3.85903766895477,1.17344629867713,3.37931663792694,-1.96120640010877,-0.002367520894643,0.001564762069499,0.001555124379956,0.001089404592297,0.001465577884177,0.000728973467376,0.000598615914759,0.000513407690168,0.000540433928012,9.21290358738029E-05,-0.000636816143232,-0.000191355489614,-0.000141465110306,-1.36305786846169E-05,9.16623011278379E-06,-5.61307475848177E-05,-2.62187347986215E-05,-8.43721567897908E-05,-4.82299277882134E-05,1.21660959760437E-05,-4.74692610503201E-05,7.34674618045183E-05,6.37528398517723E-05,6.13305312931425E-05,0.000128235208566,1.21363627425736E-05,White
113,WhiteConv/_4114 @ 14h31m20s (11_03_08)-3.wav,38.0557259850302,-17.316937733778,-1.80802024760887,-1.15085191965416,-11.2819243767412,1.20636757725485,-8.19559496626816,-0.008119357006667,-3.59806221201006,-6.7766960167997,-6.0191642602534,-3.52754271970836,-0.103545984974969,0.006522488885141,0.00293101824436,-0.00117182371326,-0.002138837588266,-0.00054853813362,0.002984954436608,-0.000689161408565,0.001673789482466,0.001014593621237,-0.001305473346498,-0.003725835330037,0.001502612982548,-8.20960839025881E-05,-0.000111217290721,3.39353390665479E-05,9.21470038068371E-05,-0.000518129928587,0.000138137033188,-4.13169046437024E-06,0.00045371272638,-0.001301635760925,0.001300259946133,-0.000829928584726,0.000170818150184,-0.000419368069256,-0.000330820339855,White
114,WhiteConv/_0716 @ 10h28m39s (24_05_08)-1.wav,53.269147926388,-12.0999576535909,-19.828472474222,-12.9228828662048,-21.0320372362385,-9.58992174127539,-4.9993858042482,4.91309035305193,4.4530225857047,2.50208770052106,-1.58629760247924,5.74632090594922,-2.2623620916389,-0.007231777386983,0.00503291998169,0.005866479246153,0.003976083596649,0.005150586464604,0.003363970394021,0.00229221034636,0.00059991213761,0.000972863526818,0.000270261254948,-0.000262587203743,4.15536229687572E-05,0.001675795947669,-3.57935069663156E-05,-1.5359241897246E-05,8.33926101371062E-05,-0.000123342686506,-0.000543394892793,-0.000342853478643,-0.000192592065783,-0.000118742035923,-0.000548449391186,-0.000291668033121,0.000152395055358,0.000102491805254,-0.000157985388001,White
115,WhiteConv/_5014 @ 18h10m04s (20_05_08)-2.wav,51.695234344503,-7.97971099357199,-13.0465720828739,-14.3130210095267,-20.4938458263443,-3.420891671176,-4.21458074929523,-2.92506217700515,-10.82440917118,4.44461542482378,-7.95575413480148,0.539085779400384,-0.84690177500596,0.000478953861251,4.10140268316803E-05,-0.000129879208104,3.16363371348269E-05,0.000105278351935,3.44683496256365E-05,9.5641145327843E-05,7.84595123842872E-05,-0.000118782851156,-0.000231613060778,-0.000152115825233,1.8893181633636E-05,0.000182701859107,-1.33123851160706E-05,2.96148838551467E-06,-2.09458403034633E-05,1.46150200585424E-05,5.2184112165783E-05,2.68097558952204E-05,8.5128962833702E-06,-4.2512741780711E-05,1.42464448607229E-05,-2.04412523137331E-05,6.71737618099658E-05,5.2993624312102E-05,1.04729014195502E-05,White
116,WhiteConv/_3688 @ 13h38m21s (15_07_08)-1.wav,41.5376905480368,-13.9760449737179,-12.7993283110907,-17.3027381253468,-13.2470887728813,-5.37493354882051,-4.98177115360422,1.80987374632301,-1.05496755069078,-0.804849743917389,-1.3779055734242,0.171115003628129,-1.59867728550955,-0.011252489622342,0.009626604835198,0.006758603503832,0.007936661117448,0.008153915676129,0.003844509695018,0.005414684067446,0.001529217394837,0.000510953742041,0.002638412321942,0.000129026479122,-0.000661260306834,0.0002628237897,9.17384331918982E-06,-0.000152604253772,1.93451217786304E-05,0.00030952601546,-9.40634840563856E-05,-9.00502512383405E-05,6.35504957704722E-05,0.000316852580933,-0.000482960144814,0.000323435191722,-0.000179489235324,-0.000400113150136,-6.53527519020624E-05,White
117,WhiteConv/_1885 @ 14h18m54s (04_06_08)-1.wav,44.9448235134675,-6.05504237816507,-11.6454342720913,-8.79573857834398,-18.9865116306596,-5.40491697517548,-9.30890487550972,2.12601801699448,-4.41501408627206,4.09064352608039,3.96986290772449,0.90999691150006,0.107513720671385,-0.007659195338569,0.007446602858908,0.005016606096181,0.004584643888624,0.003794557278096,0.003731003076389,0.003247460367936,-0.000902138786835,0.000603719152005,-0.000942085658659,-0.00093075462741,-0.000891737157795,0.000886062670839,0.000137149712406,9.7584749102803E-05,-0.000537645719281,-0.000420071580234,-0.000383673005188,-0.000111967295164,-0.000224450550047,0.000222072505764,0.000195761199739,0.000860482278891,0.000274213073831,-0.000239642059535,8.97372638012937E-05,White
118,WhiteConv/_2295 @ 14h37m35s (03_06_08)-1.wav,68.6907881786266,-6.44057625777271,-15.6654499951599,-12.5975070662786,-23.4232679437104,-7.04569207317602,-9.77900461237948,4.08001300581021,-1.97642446350438,0.404307651697414,5.98657969719627,-0.812732092940172,1.05311782756974,-0.007062068489567,0.001790439999141,0.003574267037955,0.003780060555521,0.003523955383148,0.001471932537345,0.001673202671533,0.001674238997665,0.000234427349838,-0.00133719375811,0.001259484034353,0.001790933926013,-0.000548595516248,0.000104106188985,-0.00010681265691,-0.000105395272698,-0.000280134906662,-0.000165539766983,-0.000333561924122,-0.000560772049837,-0.000377319518149,-0.000105670168389,-8.55781571042451E-05,0.000434778239184,-3.84060518005758E-05,2.44914006247676E-05,White
119,WhiteConv/_1308 @ 23h14m18s (18_09_08)-1.wav,40.1835202843925,-8.82910549913882,-8.64039996038243,-11.8031931062217,-13.7004935253899,-10.9992581259098,-9.1078544431001,-4.5842299972893,-4.45324295211681,-1.31607108987167,-0.098845917966763,0.287422702144334,-1.23613628069456,-0.014542399914314,0.015241183518727,0.007831448939246,0.007165862255473,0.003882217424015,0.005030029385469,0.002673972329302,0.000382990753566,0.003815006717877,0.005868105995002,0.003308503646751,0.001301367132336,0.003136613279704,-4.09262662935375E-05,0.000302358671887,-3.32052658287047E-05,0.000249733102562,0.000786659049486,-0.000248742249022,0.001059493309129,0.000888638635531,-0.000127798923368,-0.000325158829244,0.000233194853342,-0.000559332665927,-0.000422996779523,White
120,WhiteConv/_5402 @ 18h02m52s (14_06_08)-1.wav,52.3985235585115,-7.575208354869,-15.1689076869301,-13.2075726564204,-20.0118551048462,-6.06977026883304,-6.49344783462321,-0.015129090474579,-4.04994412982987,7.82681584943495,-5.48549850055467,6.48196809342614,-0.754841871273201,-0.00802419902539,0.008573831997997,0.003918504599872,0.005971560901777,0.002757525697409,0.002532486107301,0.003020383025137,0.002022189094769,0.001468488619211,0.000496131746066,0.003336176958381,0.001316861321528,0.001760439164496,6.1044092459163E-05,-0.00025736367588,-5.00701028372868E-06,-0.000404506243934,0.000119767112116,-0.000282608521942,6.62472197207061E-06,-0.000328735852709,-0.000353426886102,0.000553134158019,-0.000397110631283,-6.9995789723959E-05,-0.000581152644645,White
121,WhiteConv/_4736 @ 17h12m19s (28_02_08)-1.wav,46.8430541768407,-12.6452565358367,-21.55782623109,-9.00173223771857,-15.2959493500754,-9.70283443952856,-0.323979775425188,1.14850326580463,-4.81607072188122,1.56339869259053,-1.8928415451947,-2.77108249643653,-1.06996058978377,-0.015334473047009,0.008432799576982,0.011213939788274,0.006008485488012,0.005283525909964,0.002904695370187,-0.00070022778822,0.002810253983466,0.010001622238205,-0.002417283144609,0.003871964513436,0.001870682916824,0.004592271834424,-0.000139957511033,0.00042444492571,-0.000162772496272,-6.93871427251493E-05,-0.000846144449533,-8.57948411521826E-05,-0.000450406954197,0.000448334413141,-0.000787464284947,-0.000581794832058,-0.000570772713361,-3.55982543313376E-05,-0.000669082121149,White
